VIN,VB1,C0_value,R0_value,L1,W1,L2,W2,L3,W3,L4,W4,L5,W5,Power,Gain,BW_3dB,UGB,PM,GM
229,392,8,3,971,73,967,81,156,82,922,37,184,18,1.25E-03,5.78E+00,3.38E+06,5.27E+06,6.83E+01,2.60E+01
330,679,8,2,746,79,986,71,188,58,636,25,966,27,2.99E-04,2.42E+01,8.98E+05,1.28E+07,9.19E+01,2.35E+01
647,333,4,5,393,34,313,73,164,49,394,20,270,33,6.94E-04,7.17E+00,5.27E+06,1.05E+07,1.31E+00,1.58E+00
332,958,5,7,552,75,793,16,702,17,386,93,569,91,9.67E-06,4.78E+01,1.84E+03,4.74E+05,9.00E+01,5.94E+01
582,241,3,6,523,49,876,64,624,20,231,64,522,10,1.13E-03,1.35E+01,3.38E+06,1.16E+08,-1.73E+01,-8.73E+00
254,516,6,2,836,40,249,22,167,33,536,22,389,51,8.66E-04,8.35E+00,3.38E+06,6.73E+06,7.98E+01,2.51E+01
944,224,5,7,689,53,932,84,871,11,208,93,640,82,3.15E-04,2.85E+01,6.32E+04,1.40E+06,1.24E+02,2.82E+01
770,439,4,5,725,82,266,94,997,43,541,45,800,40,6.05E-04,3.71E+01,5.77E+05,4.38E+08,-2.17E+01,-1.21E+01
766,788,6,6,782,52,681,60,389,93,253,76,578,70,1.38E-04,3.06E+01,2.38E+05,1.16E+08,1.28E+01,6.73E+00
793,950,8,4,765,78,625,88,735,82,651,77,376,40,1.41E-05,5.75E+01,2.86E+03,1.79E+06,6.87E+01,1.20E+01
764,347,1,9,643,91,718,35,630,24,872,88,856,90,5.01E-04,2.76E+01,2.17E+06,1.16E+08,7.99E+02,6.65E+02
678,806,1,9,530,12,446,65,179,74,634,39,798,14,1.04E-04,4.02E+01,5.77E+05,6.14E+07,5.66E+01,2.02E+01
766,953,4,9,469,74,492,10,341,17,795,59,819,46,4.48E-06,4.52E+01,2.86E+03,5.77E+05,8.40E+01,2.49E+01
801,210,1,6,546,14,201,44,852,64,639,46,362,26,8.65E-05,1.22E+01,1.40E+06,4.32E+06,1.01E+02,1.57E+01
677,353,2,8,476,18,835,64,153,43,179,89,563,11,4.69E-04,3.94E+01,5.77E+05,6.82E+08,6.03E+00,2.31E+00
692,845,4,7,593,2,665,45,402,79,626,96,897,52,3.51E-05,2.64E+01,9.84E+04,1.79E+06,1.08E+02,1.95E+01
386,287,7,7,108,1,441,65,696,97,993,10,160,46,3.18E-04,-2.36E+01,-1.00E+01,-1.00E+01,0.00E+00,1.26E+02
251,295,8,7,798,64,326,67,742,93,153,15,849,51,2.99E-03,2.87E+01,1.40E+06,1.36E+09,4.01E+00,4.65E+00
326,854,1,5,238,67,159,33,118,43,505,99,772,13,8.18E-05,1.03E+01,3.38E+06,1.05E+07,2.06E+01,7.53E+00
672,231,3,4,721,39,268,95,166,80,160,48,728,95,5.64E-04,1.26E+01,3.38E+06,3.95E+07,-3.49E+00,-4.76E+00
330,675,7,2,737,78,987,71,188,58,126,24,956,27,3.69E-04,4.32E+01,2.38E+05,3.60E+08,8.31E+01,2.09E+01
677,356,2,8,484,18,833,64,153,44,692,88,572,4,2.97E-04,3.93E+01,5.77E+05,2.31E+08,1.45E+01,9.74E+00
763,590,4,9,469,74,502,10,358,17,795,59,839,46,1.64E-04,2.84E+01,3.71E+05,1.16E+08,3.28E+00,-1.74E+00
254,915,4,1,835,40,238,22,169,32,536,22,368,51,1.41E-05,1.45E+01,1.53E+05,7.38E+05,7.50E+01,1.51E+01
783,516,6,3,836,40,248,94,733,33,536,22,388,51,1.85E-04,1.56E+01,5.77E+05,2.17E+06,4.88E+01,4.57E+00
264,950,8,2,765,78,625,15,168,82,651,76,376,39,5.72E-06,3.18E+01,1.08E+04,3.05E+05,8.35E+01,2.16E+01
229,376,7,2,635,91,725,31,156,26,922,37,859,17,8.65E-04,2.85E+01,1.40E+06,3.60E+08,3.39E+01,1.55E+01
764,347,1,9,977,70,959,78,630,72,872,88,181,90,2.66E-04,5.42E+00,3.38E+06,3.38E+06,4.75E+01,2.53E+01
783,334,1,7,688,49,718,35,878,24,872,88,856,81,3.61E-04,2.70E+01,1.40E+06,4.80E+07,1.56E+01,3.31E+00
944,228,5,7,643,86,932,84,622,11,208,93,632,90,3.34E-04,2.79E+01,9.84E+04,2.78E+06,1.55E+02,2.08E+01
326,336,1,7,238,67,841,25,116,43,505,99,751,11,8.41E-04,5.24E+01,1.40E+06,8.72E+08,6.21E+00,5.74E+00
677,870,2,5,476,18,153,71,153,43,167,89,564,5,8.66E-05,-3.83E+00,-1.00E+01,-1.00E+01,-4.78E+01,-6.36E+00
582,277,3,9,523,47,876,64,624,20,247,38,522,17,1.39E-03,3.00E+01,2.17E+06,1.06E+09,-2.32E+01,-1.24E+01
678,861,1,5,529,13,446,65,179,74,623,63,778,14,5.66E-05,3.58E+01,5.77E+05,2.54E+07,2.73E+01,8.48E+00
323,683,8,1,746,78,686,71,405,58,220,25,966,27,4.73E-04,4.99E+01,9.84E+04,3.95E+07,1.17E+02,3.68E+01
766,749,5,6,782,52,979,58,171,93,668,76,578,70,9.16E-05,1.23E+01,5.77E+05,2.17E+06,5.43E+00,2.68E+00
329,392,8,3,947,73,194,81,156,82,893,37,184,16,2.36E-03,8.85E+00,5.27E+06,1.16E+08,3.03E+01,1.56E+01
225,854,1,5,292,67,929,33,118,42,402,99,772,17,2.83E-05,5.78E+01,4.06E+04,1.98E+07,5.58E+01,2.34E+01
806,213,1,8,545,12,439,65,194,74,634,38,342,14,5.08E-05,4.56E-01,2.17E+06,5.77E+05,5.02E+01,7.57E+00
676,799,1,6,536,14,197,40,837,64,639,45,817,25,1.42E-04,3.62E+01,8.98E+05,7.48E+07,4.26E+01,1.34E+01
801,707,7,4,737,13,201,44,852,64,635,46,355,27,5.84E-05,2.00E+01,1.53E+05,1.15E+06,1.28E+02,1.45E+01
330,204,1,2,554,80,986,70,188,58,639,24,969,25,1.48E-03,2.04E+01,1.98E+07,2.82E+08,2.55E+01,1.10E+01
336,347,1,9,741,76,720,70,623,24,224,10,856,32,1.98E-03,4.48E+01,2.17E+06,1.65E+09,-2.07E+00,1.09E+00
750,683,8,1,647,92,683,35,411,58,867,98,966,85,1.93E-04,2.67E+01,3.71E+05,6.73E+06,1.20E+02,2.22E+01
241,854,1,7,292,53,928,33,118,42,423,99,638,6,2.23E-05,2.19E+01,8.98E+05,1.05E+07,2.81E+01,8.07E+00
930,224,5,4,689,66,932,84,871,11,208,92,773,92,4.16E-04,3.18E+01,9.84E+04,2.78E+06,1.21E+02,3.07E+01
337,677,7,1,737,78,971,71,167,32,133,24,956,51,4.30E-04,3.80E+01,3.71E+05,3.95E+07,1.42E+02,2.73E+01
246,512,6,2,844,40,208,22,187,58,529,22,389,26,9.46E-04,1.18E+01,3.38E+06,1.28E+07,5.37E+01,1.75E+01
323,683,8,1,741,78,686,71,405,27,220,28,963,27,4.74E-04,1.90E+01,1.40E+06,8.19E+06,1.19E+02,3.37E+01
235,389,6,1,634,91,725,31,156,52,908,37,847,17,7.73E-04,2.37E+01,2.17E+06,3.09E+07,8.05E+01,2.12E+01
238,376,1,1,981,93,961,31,149,26,871,37,832,14,6.54E-04,2.84E+01,8.19E+06,1.49E+08,5.60E+01,2.24E+01
755,347,7,9,628,70,722,81,630,72,922,88,181,88,4.10E-04,7.87E+00,8.98E+05,1.79E+06,3.32E+01,1.39E+01
330,675,7,1,544,11,987,71,178,57,126,28,955,15,3.27E-04,4.42E+01,9.84E+04,1.28E+07,9.17E+01,4.37E+01
710,806,1,9,722,78,446,65,185,74,665,24,783,25,1.28E-04,2.50E+01,3.38E+06,6.14E+07,3.19E+01,1.60E+01
678,806,1,6,536,12,201,65,179,74,647,39,798,14,1.34E-04,5.75E+01,9.84E+04,6.14E+07,6.45E+01,2.41E+01
676,798,1,8,529,17,436,40,837,64,639,45,817,25,1.12E-04,6.50E+01,4.06E+04,1.16E+08,3.19E+01,1.11E+01
329,438,8,3,947,38,257,74,156,32,893,37,185,16,1.42E-03,1.19E+01,3.38E+06,6.14E+07,3.11E+01,1.63E+01
235,516,6,2,877,59,185,22,164,82,535,22,372,50,1.06E-03,4.21E+00,5.27E+06,5.27E+06,7.52E+01,2.90E+01
369,679,8,5,746,79,986,71,179,57,636,25,973,13,2.97E-04,3.39E+01,3.71E+05,1.81E+08,4.38E+01,1.86E+01
638,861,1,1,529,13,446,65,187,74,622,63,770,26,6.35E-05,5.74E+01,6.32E+04,3.09E+07,2.01E+01,4.12E+00
235,771,6,5,528,88,725,66,156,52,948,37,847,17,1.61E-04,3.34E+01,3.71E+05,6.14E+07,5.29E+01,1.99E+01
741,423,1,1,641,14,201,29,179,74,647,39,797,13,1.01E-04,1.40E+01,3.38E+06,1.28E+07,8.28E+01,2.46E+01
323,683,7,1,707,78,725,71,408,27,220,28,952,25,4.48E-04,1.90E+01,1.40E+06,1.05E+07,1.14E+02,3.43E+01
325,675,6,1,544,11,987,71,174,57,126,28,955,19,3.43E-04,4.90E+01,6.32E+04,1.63E+07,9.71E+01,4.05E+01
226,376,1,1,981,93,961,71,190,57,150,24,832,14,1.43E-03,5.11E+01,1.40E+06,8.72E+08,7.42E+01,2.09E+01
330,675,7,2,737,78,987,24,146,26,850,36,956,26,1.21E-04,2.42E+01,5.77E+05,6.73E+06,1.30E+02,2.59E+01
715,389,1,5,634,14,202,39,855,64,652,37,817,17,1.66E-04,2.62E+01,1.40E+06,3.09E+07,9.28E+00,9.75E+00
208,806,5,1,536,89,719,26,137,52,797,45,725,25,4.42E-05,1.99E+01,3.71E+05,4.32E+06,6.94E+01,1.37E+01
296,498,1,2,844,40,218,22,191,58,400,22,398,17,9.19E-04,1.84E+01,1.28E+07,1.49E+08,5.02E+01,1.73E+01
243,867,6,5,292,67,915,33,116,42,530,99,762,25,2.50E-05,4.76E+01,1.68E+04,3.38E+06,9.71E+01,3.08E+01
314,657,7,1,746,76,686,74,444,58,632,25,966,29,5.52E-04,3.47E+01,5.77E+05,3.09E+07,1.05E+02,3.09E+01
331,683,8,1,805,79,986,71,177,58,223,25,966,26,3.29E-04,3.67E+01,3.71E+05,1.98E+07,1.10E+02,3.40E+01
306,678,8,2,746,79,702,69,188,58,636,25,963,27,4.06E-04,2.60E+01,8.98E+05,1.63E+07,8.25E+01,2.33E+01
777,347,1,9,643,91,994,36,630,23,872,88,853,90,4.04E-04,2.65E+01,2.17E+06,7.48E+07,4.07E+00,1.57E+00
238,376,1,1,981,89,961,31,138,26,871,39,832,14,6.55E-04,2.82E+01,8.19E+06,1.49E+08,5.69E+01,2.27E+01
254,516,6,2,836,40,249,22,167,33,561,22,389,50,8.61E-04,8.14E+00,3.38E+06,6.73E+06,8.21E+01,2.56E+01
330,675,7,1,544,9,986,71,178,62,132,28,955,50,3.55E-04,2.31E+01,5.77E+05,8.19E+06,1.11E+02,3.05E+01
337,700,7,1,737,78,998,71,167,30,146,24,942,15,2.75E-04,2.74E+01,8.98E+05,1.63E+07,7.88E+01,3.72E+01
678,349,1,6,635,12,724,65,179,23,647,37,823,17,1.77E-04,1.99E+01,3.38E+06,3.09E+07,2.23E+01,1.03E+01
764,803,1,9,538,91,194,35,630,73,872,89,858,90,1.76E-04,3.65E+01,1.40E+06,1.16E+08,-2.94E+00,-5.38E+02
331,678,7,1,737,78,971,71,149,30,146,24,941,15,3.36E-04,2.69E+01,8.98E+05,1.63E+07,8.91E+01,3.98E+01
337,698,7,1,737,78,997,71,171,32,133,24,956,51,3.57E-04,3.81E+01,3.71E+05,2.54E+07,1.31E+02,2.92E+01
337,677,7,1,737,78,971,71,167,32,133,24,956,51,4.30E-04,3.80E+01,3.71E+05,3.95E+07,1.42E+02,2.73E+01
330,675,7,1,523,11,987,71,178,57,126,28,955,14,3.24E-04,3.99E+01,1.53E+05,1.28E+07,8.97E+01,4.45E+01
235,389,6,1,634,91,619,33,156,52,908,36,847,18,9.45E-04,2.35E+01,3.38E+06,3.95E+07,7.52E+01,2.09E+01
668,806,1,6,536,12,201,65,214,74,647,39,798,23,1.44E-04,3.24E+01,1.40E+06,6.14E+07,6.11E+01,1.92E+01
331,683,8,1,805,87,986,71,177,58,217,26,966,21,3.31E-04,4.79E+01,9.84E+04,2.54E+07,1.02E+02,3.58E+01
758,347,1,9,643,77,718,35,630,23,872,88,793,90,4.96E-04,2.67E+01,2.17E+06,9.56E+07,2.33E+00,1.62E+00
226,376,1,1,526,93,943,71,189,57,107,24,973,14,1.50E-03,3.96E+01,5.27E+06,1.06E+09,6.40E+01,1.95E+01
325,675,6,1,990,11,987,71,178,57,149,28,831,18,3.17E-04,4.81E+01,6.32E+04,1.05E+07,9.60E+01,4.14E+01
330,675,7,1,737,78,987,69,188,58,126,24,956,27,3.59E-04,4.21E+01,2.38E+05,3.09E+07,1.19E+02,3.30E+01
226,376,1,1,981,93,961,69,190,57,190,24,832,14,1.38E-03,4.31E+01,3.38E+06,6.82E+08,7.38E+01,2.12E+01
337,347,7,9,642,91,957,35,621,23,634,88,856,90,1.85E-03,3.59E+01,5.77E+05,6.82E+08,-1.01E+01,-9.75E+00
756,679,1,2,746,79,712,71,200,58,873,21,966,27,1.78E-04,1.81E+01,5.27E+06,3.95E+07,5.59E+01,2.26E+01
324,675,6,1,544,83,986,71,174,57,153,29,878,19,3.60E-04,5.72E+01,6.32E+04,4.80E+07,1.08E+02,3.26E+01
348,678,8,1,746,6,994,71,188,58,636,24,958,27,2.18E-04,1.25E+01,8.98E+05,2.78E+06,9.18E+01,4.31E+01
331,423,1,1,544,14,969,29,108,57,647,27,837,13,3.70E-04,1.39E+01,1.28E+07,3.95E+07,8.15E+01,3.01E+01
739,676,7,1,640,11,210,71,177,73,126,39,955,15,1.09E-04,3.24E+01,1.53E+05,5.27E+06,9.01E+01,4.37E+01
741,490,1,1,641,14,201,29,178,74,647,39,797,23,9.95E-05,1.01E+01,3.38E+06,8.19E+06,8.62E+01,2.64E+01
337,747,7,1,737,78,998,71,188,28,146,24,942,14,1.75E-04,2.47E+01,5.77E+05,1.05E+07,4.91E+01,6.66E+00
330,719,8,2,805,79,962,71,188,58,636,25,966,33,2.19E-04,2.25E+01,8.98E+05,8.19E+06,1.16E+02,2.53E+01
323,640,8,1,746,78,686,71,405,58,220,25,966,26,6.42E-04,4.20E+01,3.71E+05,6.14E+07,1.31E+02,3.25E+01
330,699,7,1,737,78,998,71,184,30,146,23,942,15,2.77E-04,2.78E+01,8.98E+05,1.63E+07,7.89E+01,3.78E+01
309,678,7,1,737,78,971,71,149,30,146,24,896,15,3.40E-04,2.81E+01,8.98E+05,1.98E+07,9.20E+01,3.89E+01
234,425,1,1,635,93,193,31,190,57,148,22,832,11,2.11E-03,1.72E+01,3.09E+07,2.31E+08,7.03E+01,2.34E+01
734,373,1,1,984,14,965,66,178,73,611,40,797,3,7.03E-05,2.38E+01,1.40E+06,1.98E+07,6.75E+01,2.09E+01
705,681,1,6,536,78,238,65,171,74,216,39,788,15,4.90E-04,3.45E+01,5.27E+06,5.60E+08,2.33E+01,1.08E+01
305,807,7,1,746,11,686,66,412,57,650,24,966,25,1.08E-04,3.23E+01,1.53E+05,5.27E+06,6.24E+01,8.85E+00
678,677,1,1,536,12,987,65,179,57,647,39,795,14,1.21E-04,2.35E+01,2.17E+06,3.09E+07,5.95E+01,1.93E+01
324,803,6,5,482,83,185,71,173,73,153,29,880,19,3.33E-04,1.92E+01,1.40E+06,9.56E+07,6.65E+01,2.19E+01
329,675,7,1,544,6,997,79,178,57,150,28,872,13,3.10E-04,4.49E+01,6.32E+04,1.05E+07,9.03E+01,4.59E+01
325,675,6,1,990,11,992,71,178,57,124,28,959,18,3.09E-04,4.75E+01,6.32E+04,1.05E+07,9.38E+01,4.37E+01
668,808,7,6,536,11,978,65,214,74,647,39,796,23,6.48E-05,2.29E+01,2.38E+05,2.78E+06,1.10E+02,1.96E+01
330,673,1,1,500,11,201,71,177,51,126,27,956,15,7.30E-04,7.84E+00,1.98E+07,3.09E+07,6.52E+01,3.79E+01
737,439,8,1,746,13,989,27,179,58,636,25,966,27,6.18E-05,4.75E+00,3.71E+05,4.74E+05,9.85E+01,3.00E+01
333,679,1,1,616,87,201,72,187,65,647,39,797,13,1.17E-03,1.69E+01,1.98E+07,1.16E+08,1.83E+01,6.89E+00
337,700,6,1,737,78,998,71,167,30,146,34,942,17,2.82E-04,2.28E+01,1.40E+06,1.28E+07,8.65E+01,3.92E+01
331,683,8,1,805,86,986,71,177,53,217,26,966,21,3.34E-04,5.60E+01,4.06E+04,2.54E+07,1.02E+02,3.58E+01
226,358,1,5,981,93,947,64,215,56,150,24,881,23,1.44E-03,3.58E+01,5.27E+06,1.36E+09,1.18E+01,5.70E+00
668,806,1,1,517,12,201,71,188,75,647,39,798,13,1.47E-04,5.73E+01,9.84E+04,4.80E+07,6.87E+00,1.31E+00
635,670,1,6,525,72,201,63,214,72,647,39,954,26,7.15E-04,3.84E+01,3.38E+06,4.38E+08,1.50E+01,9.34E+00
362,798,7,2,727,17,987,71,187,50,126,24,799,23,1.10E-04,5.43E+01,1.68E+04,8.19E+06,9.51E+01,4.47E+01
322,423,5,1,669,14,201,70,179,74,161,39,770,11,1.00E-03,4.58E+01,2.38E+05,4.80E+07,1.28E+02,2.52E+01
743,675,1,1,975,10,987,29,178,56,635,27,828,14,3.45E-05,1.17E+01,1.40E+06,4.32E+06,7.36E+01,2.25E+01
226,392,1,1,981,13,956,71,189,61,150,27,832,14,6.68E-04,2.74E+01,3.38E+06,7.48E+07,1.02E+02,2.63E+01
325,658,6,1,990,88,962,71,178,57,124,24,959,18,4.03E-04,5.46E+01,9.84E+04,3.95E+07,1.03E+02,3.56E+01
226,377,1,1,981,92,961,71,189,58,150,24,954,13,1.38E-03,4.94E+01,1.40E+06,6.82E+08,7.58E+01,2.24E+01
330,673,7,2,737,78,987,71,187,53,126,24,833,27,3.84E-04,4.10E+01,2.38E+05,4.38E+08,7.72E+01,2.12E+01
331,729,7,1,736,78,998,71,166,30,146,25,948,11,2.01E-04,2.10E+01,8.98E+05,8.19E+06,3.81E+01,4.52E+00
330,679,8,2,746,78,986,71,188,57,583,23,966,27,2.99E-04,2.43E+01,8.98E+05,1.28E+07,9.44E+01,2.38E+01
306,723,6,1,737,78,998,71,167,30,146,34,942,18,2.33E-04,2.40E+01,8.98E+05,1.28E+07,7.91E+01,3.76E+01
337,670,6,1,544,83,986,71,209,57,153,29,878,14,3.53E-04,4.72E+01,2.38E+05,3.95E+07,9.24E+01,3.59E+01
678,686,1,5,536,11,208,65,403,74,647,39,798,12,1.70E-04,3.33E+01,1.40E+06,7.48E+07,4.83E+01,1.12E+01
323,802,8,1,746,78,681,71,180,57,215,25,966,27,1.36E-04,5.89E+01,1.68E+04,1.63E+07,5.59E+01,7.87E+00
376,679,7,1,973,10,983,65,178,73,125,40,797,3,2.11E-04,6.51E+00,8.98E+05,1.79E+06,4.22E+01,4.02E+00
759,368,1,1,530,13,987,71,166,56,612,30,955,14,8.67E-05,1.35E+01,3.38E+06,1.28E+07,8.52E+01,2.64E+01
329,675,6,1,544,9,987,71,197,57,126,28,875,15,3.27E-04,4.61E+01,9.84E+04,1.28E+07,9.31E+01,4.26E+01
317,675,6,1,544,84,986,71,174,57,153,28,957,19,3.54E-04,5.70E+01,6.32E+04,4.80E+07,1.03E+02,3.37E+01
668,806,1,6,536,12,201,65,214,74,652,39,798,25,1.44E-04,3.00E+01,1.40E+06,6.14E+07,5.92E+01,1.86E+01
678,806,1,6,536,12,201,65,179,74,641,39,798,14,1.34E-04,5.76E+01,9.84E+04,6.14E+07,6.47E+01,2.41E+01
668,806,1,6,536,12,201,65,215,74,641,39,806,14,1.41E-04,5.80E+01,9.84E+04,6.14E+07,6.36E+01,2.33E+01
678,806,1,6,536,12,201,65,258,73,646,39,802,22,1.38E-04,3.64E+01,8.98E+05,6.14E+07,6.15E+01,1.71E+01
754,424,1,1,984,14,208,66,151,73,646,44,804,3,6.41E-05,2.37E+01,1.40E+06,1.98E+07,6.40E+01,1.85E+01
741,375,1,1,641,13,977,29,108,74,611,38,797,13,6.99E-05,6.59E+00,3.38E+06,5.27E+06,8.69E+01,2.66E+01
325,617,6,1,546,88,979,71,126,57,124,24,961,17,5.18E-04,5.43E+01,9.84E+04,9.56E+07,1.22E+02,3.02E+01
272,674,6,1,983,83,986,67,174,57,153,24,875,18,3.39E-04,5.41E+01,6.32E+04,3.09E+07,9.98E+01,3.63E+01
670,675,1,5,535,10,190,70,174,56,126,38,783,19,2.18E-04,3.92E+01,8.98E+05,2.82E+08,6.06E+01,1.42E+01
332,806,6,1,544,12,985,65,179,74,641,28,969,13,7.29E-05,2.86E+01,2.38E+05,1.05E+07,2.97E+01,2.65E+00
811,369,1,1,527,12,987,72,165,56,639,24,961,14,4.39E-05,7.67E+00,2.17E+06,3.38E+06,8.44E+01,2.97E+01
203,375,1,1,984,94,961,71,190,56,115,29,849,14,1.47E-03,3.99E+01,5.27E+06,8.72E+08,7.33E+01,1.98E+01
328,678,7,1,807,87,998,79,178,57,162,28,872,13,3.54E-04,4.13E+01,2.38E+05,2.54E+07,8.48E+01,3.97E+01
331,674,8,1,541,5,984,71,177,52,233,20,966,21,2.74E-04,2.54E+01,3.71E+05,5.27E+06,9.44E+01,4.29E+01
678,913,1,6,536,12,201,65,179,74,644,38,798,15,3.20E-05,4.49E+01,1.53E+05,1.63E+07,-1.20E+01,-2.25E+00
734,310,1,1,984,14,965,66,178,73,611,40,797,3,7.12E-05,2.30E+01,1.40E+06,1.98E+07,7.11E+01,2.36E+01
774,427,6,1,504,17,986,71,160,53,612,30,876,19,9.46E-05,1.25E+01,5.77E+05,2.17E+06,1.03E+02,2.61E+01
308,732,1,1,545,78,987,67,166,56,152,28,928,14,1.97E-04,5.35E+01,3.71E+05,1.16E+08,2.59E+01,7.14E+00
325,700,7,1,990,78,997,71,156,57,149,28,941,18,2.83E-04,5.58E+01,4.06E+04,2.54E+07,8.93E+01,4.08E+01
337,674,5,1,729,10,987,71,167,30,146,24,824,14,3.18E-04,2.50E+01,8.98E+05,1.05E+07,9.15E+01,4.58E+01
306,723,6,1,951,76,998,71,167,30,146,34,942,18,2.33E-04,2.37E+01,8.98E+05,1.05E+07,7.95E+01,3.88E+01
325,675,6,1,737,16,985,71,178,57,124,24,959,18,3.39E-04,5.01E+01,6.32E+04,1.63E+07,9.52E+01,4.30E+01
318,309,1,1,990,80,995,66,167,72,183,27,929,18,1.23E-03,3.21E+01,8.19E+06,4.38E+08,7.21E+01,1.90E+01
740,700,7,1,983,11,966,70,165,57,576,40,797,1,4.47E-05,2.63E+01,1.53E+05,4.32E+06,-3.02E+01,-2.22E+00
754,424,1,1,984,9,208,66,178,73,611,44,802,3,4.30E-05,2.16E+01,8.98E+05,1.05E+07,7.16E+01,2.07E+01
734,372,1,1,984,14,965,68,150,73,639,40,798,3,6.95E-05,2.23E+01,1.40E+06,1.98E+07,6.73E+01,2.10E+01
668,806,1,6,536,12,201,65,215,74,641,39,806,14,1.41E-04,5.80E+01,9.84E+04,6.14E+07,6.36E+01,2.33E+01
670,675,1,5,535,10,190,70,174,56,126,37,783,19,2.16E-04,3.81E+01,8.98E+05,2.82E+08,6.08E+01,1.43E+01
678,673,1,1,536,12,201,65,258,73,631,39,803,22,1.78E-04,2.10E+01,3.38E+06,3.09E+07,6.55E+01,2.46E+01
324,807,6,5,603,83,986,70,174,57,168,28,851,19,9.21E-05,5.89E+01,1.68E+04,9.56E+07,1.04E+02,2.43E+01
673,768,1,5,536,6,201,29,180,73,646,34,797,22,7.64E-05,1.63E+01,2.17E+06,1.28E+07,9.39E+01,2.02E+01
741,423,1,1,641,14,201,64,256,74,647,39,801,12,1.10E-04,1.70E+01,3.38E+06,1.63E+07,7.98E+01,2.34E+01
668,770,1,6,533,12,189,67,214,74,647,24,745,23,1.58E-04,1.93E+01,3.38E+06,3.09E+07,5.43E+01,1.66E+01
272,683,6,1,982,82,985,64,174,57,153,38,875,18,3.12E-04,5.40E+01,6.32E+04,3.09E+07,9.91E+01,3.54E+01
668,805,1,6,536,12,201,65,213,69,647,34,798,23,1.43E-04,3.01E+01,1.40E+06,4.80E+07,6.34E+01,1.99E+01
678,806,1,6,536,12,201,65,179,74,647,39,798,13,1.33E-04,5.80E+01,9.84E+04,6.14E+07,6.31E+01,2.49E+01
668,832,1,5,535,11,201,65,215,56,662,39,805,13,1.13E-04,2.59E+01,2.17E+06,2.54E+07,4.25E+01,2.29E+01
670,667,1,5,535,10,190,70,174,73,111,38,765,16,2.10E-04,3.75E+01,8.98E+05,2.82E+08,6.05E+01,1.58E+01
686,656,6,1,531,11,148,71,178,77,137,24,970,17,1.76E-04,2.76E+01,3.71E+05,8.19E+06,9.42E+01,3.56E+01
294,807,1,6,989,88,998,64,179,52,616,38,796,17,7.82E-05,3.66E+01,8.98E+05,4.80E+07,5.78E+01,2.11E+01
734,679,7,1,984,14,938,66,156,73,696,39,940,17,5.95E-05,1.47E+01,3.71E+05,1.40E+06,8.74E+01,4.04E+01
325,267,1,1,991,78,997,71,171,57,102,28,797,3,1.18E-03,1.17E+01,3.09E+07,7.48E+07,6.33E+01,3.03E+01
734,354,1,1,984,12,967,66,256,73,611,40,813,21,6.35E-05,7.53E+00,2.17E+06,3.38E+06,8.78E+01,2.74E+01
678,824,1,4,536,15,194,65,179,73,646,39,802,3,1.22E-04,8.22E+00,5.27E+06,1.28E+07,-4.86E+01,-7.41E+00
673,768,1,5,536,6,201,29,180,73,646,34,797,22,7.64E-05,1.63E+01,2.17E+06,1.28E+07,9.39E+01,2.02E+01
754,424,1,1,984,9,208,66,178,73,611,44,768,3,4.30E-05,2.12E+01,8.98E+05,1.05E+07,7.23E+01,2.12E+01
734,310,1,1,941,14,973,65,178,70,646,40,796,3,7.37E-05,2.33E+01,1.40E+06,1.98E+07,7.01E+01,2.32E+01
678,806,1,6,536,12,186,65,179,74,616,39,798,14,1.36E-04,5.77E+01,9.84E+04,6.14E+07,6.53E+01,2.41E+01
727,418,6,1,599,14,986,70,174,73,168,28,850,11,1.23E-04,2.21E+01,5.77E+05,5.27E+06,1.03E+02,2.88E+01
337,811,1,5,641,82,255,64,256,57,644,39,798,19,2.18E-04,2.89E+01,3.38E+06,9.56E+07,4.55E+01,1.96E+01
668,806,1,6,536,12,201,65,215,74,641,39,806,14,1.41E-04,5.80E+01,9.84E+04,6.14E+07,6.36E+01,2.33E+01
324,675,6,1,544,83,986,71,182,57,153,29,878,19,3.61E-04,5.73E+01,6.32E+04,4.80E+07,1.08E+02,3.27E+01
674,791,1,6,530,12,209,65,179,74,647,39,744,15,1.46E-04,3.74E+01,8.98E+05,6.14E+07,6.42E+01,2.12E+01
734,387,1,1,988,17,954,66,191,71,611,40,797,3,8.30E-05,2.62E+01,1.40E+06,2.54E+07,6.31E+01,1.93E+01
754,424,1,1,987,8,208,67,137,74,628,43,802,3,3.72E-05,1.78E+01,1.40E+06,8.19E+06,7.34E+01,2.17E+01
741,423,1,1,635,14,195,27,137,81,647,39,797,6,9.90E-05,1.83E+01,3.38E+06,1.98E+07,7.08E+01,2.57E+01
674,806,1,6,536,14,238,65,258,73,699,39,801,22,1.46E-04,3.66E+01,8.98E+05,7.48E+07,5.71E+01,1.83E+01
737,372,1,1,992,11,995,68,150,72,639,30,798,1,5.23E-05,2.72E+01,8.98E+05,1.98E+07,4.79E+01,1.06E+01
676,371,1,5,978,13,201,29,149,73,646,34,675,2,1.10E-04,2.49E+01,2.17E+06,2.54E+07,8.25E+01,1.94E+01
730,768,1,1,539,6,965,68,180,73,639,38,796,22,4.52E-05,1.46E+01,1.40E+06,6.73E+06,6.50E+01,1.71E+01
719,368,1,1,531,13,987,71,166,58,612,39,955,14,1.28E-04,1.72E+01,3.38E+06,1.98E+07,8.61E+01,2.44E+01
732,295,1,1,979,14,964,66,178,73,493,30,797,3,7.15E-05,2.17E+01,2.17E+06,1.98E+07,7.30E+01,2.55E+01
735,825,1,1,973,14,964,66,177,73,493,30,792,4,3.77E-05,5.88E+01,2.61E+04,1.98E+07,-1.83E+01,-2.95E+00
609,270,1,6,540,12,183,67,215,71,641,37,805,14,3.05E-04,1.61E+01,5.27E+06,4.80E+07,1.13E+01,4.41E+00
332,812,1,5,603,12,981,65,174,74,647,38,798,19,6.98E-05,2.45E+01,1.40E+06,1.98E+07,7.41E+01,2.65E+01
671,807,6,5,535,83,213,70,198,57,168,28,833,12,2.30E-04,1.67E+01,1.40E+06,6.73E+06,9.43E+01,2.74E+01
754,444,6,4,984,15,243,66,178,57,602,44,768,3,7.23E-05,2.82E+01,2.38E+05,4.32E+06,1.29E+02,2.06E+01
324,786,1,1,603,83,935,71,205,72,168,28,850,13,1.19E-04,5.72E+01,1.53E+05,7.48E+07,4.26E+00,7.39E+02
675,798,1,4,972,12,201,67,215,74,645,33,806,14,9.22E-05,2.84E+01,1.40E+06,2.54E+07,6.05E+01,2.81E+01
664,371,1,5,520,13,201,26,148,73,641,42,675,2,2.08E-04,3.31E+01,1.40E+06,9.56E+07,5.08E+01,1.74E+01
684,806,1,6,536,12,201,64,179,74,647,38,798,14,1.28E-04,5.62E+01,9.84E+04,6.14E+07,6.48E+01,2.43E+01
678,806,1,5,536,12,201,65,161,74,647,39,798,13,1.33E-04,5.76E+01,9.84E+04,4.80E+07,5.83E+01,2.82E+01
704,424,1,1,984,9,208,66,178,73,611,44,829,3,6.82E-05,2.42E+01,1.40E+06,1.63E+07,6.80E+01,1.99E+01
734,387,1,1,988,17,954,64,191,71,611,40,797,2,8.25E-05,3.00E+01,1.40E+06,3.09E+07,5.38E+01,1.43E+01
668,831,1,6,536,11,225,57,215,74,641,39,806,14,1.04E-04,5.79E+01,6.32E+04,3.95E+07,5.45E+01,2.62E+01
734,373,1,1,984,14,965,61,178,73,611,37,718,3,6.88E-05,2.21E+01,1.40E+06,1.63E+07,6.93E+01,2.26E+01
734,373,1,1,984,14,965,64,178,73,495,40,797,3,7.19E-05,2.53E+01,1.40E+06,1.98E+07,7.00E+01,2.29E+01
731,280,1,1,979,7,964,66,178,73,611,29,779,1,3.81E-05,2.34E+01,8.98E+05,1.05E+07,6.45E+01,1.56E+01
737,387,1,1,988,17,212,66,191,71,611,39,802,3,9.13E-05,2.65E+01,1.40E+06,2.54E+07,6.17E+01,1.88E+01
754,421,1,1,984,9,947,60,178,73,611,44,796,3,3.98E-05,2.11E+01,8.98E+05,1.05E+07,7.25E+01,2.13E+01
674,396,1,5,536,7,201,29,180,73,646,33,838,22,1.11E-04,6.51E+00,3.38E+06,5.27E+06,1.79E+01,7.50E+00
728,795,1,1,984,8,207,65,178,73,610,44,766,3,4.24E-05,4.25E+01,1.53E+05,1.63E+07,-5.49E+02,-9.36E+01
341,806,1,6,536,81,996,64,173,57,193,33,798,18,8.68E-05,5.91E+01,9.84E+04,1.16E+08,6.91E+01,2.56E+01
666,807,5,5,603,11,173,69,179,73,621,28,851,14,1.28E-04,3.85E+01,1.53E+05,1.05E+07,1.10E+02,3.05E+01
773,801,1,1,573,14,208,70,151,74,646,44,804,18,7.14E-05,2.57E+01,1.40E+06,2.54E+07,3.31E+01,7.29E+00
324,429,6,5,996,82,986,65,174,57,168,28,851,3,8.57E-04,1.08E+01,3.38E+06,6.14E+07,5.22E+01,2.03E+01
675,798,1,4,544,12,201,67,178,71,647,38,824,15,1.42E-04,5.45E+01,1.53E+05,4.80E+07,5.80E+01,2.69E+01
678,806,1,6,962,12,201,65,215,73,644,33,797,17,8.91E-05,2.63E+01,1.40E+06,1.98E+07,7.62E+01,2.27E+01
682,387,1,1,986,12,180,66,191,71,611,40,797,3,1.06E-04,2.61E+01,1.40E+06,2.54E+07,6.50E+01,2.04E+01
735,806,1,5,533,16,968,64,178,74,648,38,797,14,5.70E-05,2.74E+01,1.40E+06,1.98E+07,6.27E+01,2.45E+01
731,431,1,1,983,7,964,65,178,73,611,29,779,3,3.73E-05,1.63E+01,1.40E+06,6.73E+06,7.31E+01,2.10E+01
754,275,1,1,979,8,947,57,178,74,611,44,796,1,3.63E-05,2.73E+01,5.77E+05,1.28E+07,6.47E+01,1.59E+01
680,798,1,4,972,12,207,67,215,74,645,44,805,14,9.26E-05,3.57E+01,5.77E+05,3.09E+07,6.08E+01,2.64E+01
748,424,1,1,984,8,201,66,178,73,611,32,768,3,3.89E-05,1.75E+01,1.40E+06,8.19E+06,7.27E+01,2.10E+01
754,424,1,1,984,9,208,66,178,73,631,44,768,1,4.26E-05,3.08E+01,5.77E+05,1.63E+07,5.07E+01,1.12E+01
834,426,1,1,984,14,208,66,151,73,646,44,804,3,2.38E-05,1.81E+01,8.98E+05,5.27E+06,7.25E+01,2.01E+01
756,846,1,6,536,12,201,65,152,74,695,38,795,14,6.37E-05,4.16E+01,3.71E+05,2.54E+07,4.42E+01,2.32E+01
675,412,1,1,984,9,947,60,178,72,603,44,798,3,7.71E-05,2.44E+01,1.40E+06,1.98E+07,6.92E+01,2.15E+01
751,424,1,6,528,12,208,65,179,73,639,39,798,3,1.01E-04,2.77E+01,1.40E+06,3.09E+07,4.89E+01,1.31E+01
680,797,1,1,986,9,200,65,178,71,611,44,802,12,7.29E-05,3.25E+01,5.77E+05,1.98E+07,3.76E+01,7.90E+00
731,367,1,5,957,13,931,29,146,72,608,34,670,2,5.87E-05,2.20E+01,1.40E+06,1.63E+07,9.97E+01,1.93E+01
675,278,2,1,978,3,277,66,128,73,611,29,783,1,2.81E-05,1.56E+01,5.77E+05,2.78E+06,8.10E+01,2.22E+01
754,390,1,1,979,8,939,57,178,74,611,42,796,1,3.56E-05,2.86E+01,5.77E+05,1.28E+07,5.71E+01,1.30E+01
746,272,1,1,988,17,954,66,190,71,611,40,797,3,7.62E-05,2.40E+01,1.40E+06,1.98E+07,7.08E+01,2.40E+01
663,807,1,6,492,83,992,64,179,57,213,33,798,18,8.23E-05,5.99E+01,9.84E+04,1.16E+08,6.93E+01,1.92E+01
369,805,4,5,594,8,128,70,143,73,643,28,844,14,2.99E-04,2.37E+01,8.98E+05,1.28E+07,1.09E+02,3.40E+01
341,806,1,5,955,79,996,65,173,73,199,29,800,2,6.78E-05,1.49E+01,3.38E+06,1.98E+07,-4.56E+01,-8.10E+00
726,280,1,1,558,8,963,64,177,56,656,29,779,17,7.54E-05,6.19E+00,3.38E+06,4.32E+06,9.05E+01,2.62E+01
731,293,1,1,987,7,964,66,153,68,626,29,779,1,3.76E-05,2.29E+01,8.98E+05,1.05E+07,6.43E+01,1.56E+01
673,806,1,4,546,16,968,64,178,74,648,37,797,14,6.74E-05,2.89E+01,1.40E+06,2.54E+07,5.43E+01,2.66E+01
752,821,1,1,984,8,949,60,178,73,611,44,796,3,2.50E-05,5.86E+01,2.61E+04,1.28E+07,-6.17E+00,-1.02E+00
679,405,1,5,536,11,117,65,179,72,647,39,798,13,1.78E-04,1.60E+01,5.27E+06,2.54E+07,2.05E+01,7.50E+00
736,349,1,1,536,17,201,64,178,74,647,39,759,12,1.60E-04,1.64E+01,5.27E+06,2.54E+07,8.50E+01,2.15E+01
678,843,1,6,993,11,213,66,191,71,614,39,801,2,6.38E-05,6.43E+00,2.17E+06,4.32E+06,-4.37E+01,-6.44E+00
737,387,1,1,987,16,247,66,191,73,611,43,802,3,8.68E-05,2.67E+01,1.40E+06,2.54E+07,6.32E+01,1.93E+01
754,424,1,1,984,14,207,66,151,70,647,39,803,3,6.33E-05,2.29E+01,1.40E+06,1.63E+07,6.39E+01,1.84E+01
335,812,1,5,603,14,196,65,174,74,647,39,797,17,2.39E-04,2.86E+01,2.17E+06,6.14E+07,6.42E+01,2.71E+01
673,806,1,6,962,10,997,59,190,73,644,33,797,16,4.81E-05,2.04E+01,1.40E+06,1.05E+07,8.04E+01,2.49E+01
735,807,6,5,531,81,968,70,174,57,651,40,794,19,7.91E-05,3.35E+01,2.38E+05,1.05E+07,9.33E+01,2.31E+01
323,805,1,5,556,16,985,64,178,74,147,28,853,15,8.29E-05,5.57E+01,9.84E+04,4.80E+07,7.83E+01,3.07E+01
754,257,1,1,979,8,947,57,215,74,609,44,805,12,3.71E-05,7.14E+00,1.40E+06,2.17E+06,8.69E+01,3.14E+01
675,816,1,3,993,12,201,67,177,74,646,32,796,1,7.69E-05,4.79E+00,3.38E+06,6.73E+06,-5.91E+01,-8.50E+00
754,281,1,1,979,12,947,57,177,74,611,39,795,2,5.10E-05,2.36E+01,1.40E+06,1.63E+07,6.92E+01,2.00E+01
765,420,1,1,984,17,207,64,119,70,647,44,803,1,6.74E-05,3.28E+01,8.98E+05,2.54E+07,3.44E+01,7.51E+00
735,839,6,1,582,81,968,70,174,62,608,43,794,32,5.09E-05,2.66E+01,2.38E+05,5.27E+06,5.78E+01,8.38E+00
737,354,1,5,987,15,247,66,191,70,653,39,802,3,8.05E-05,2.46E+01,1.40E+06,1.98E+07,8.19E+01,1.53E+01
309,806,1,4,535,81,930,64,174,57,230,33,673,18,9.40E-05,5.81E+01,9.84E+04,9.56E+07,7.30E+01,2.32E+01
731,367,1,6,944,12,996,29,144,72,570,34,816,3,5.52E-05,1.99E+01,1.40E+06,1.28E+07,9.25E+01,1.66E+01
754,426,5,1,984,14,208,66,152,73,635,43,804,3,6.40E-05,2.37E+01,3.71E+05,4.32E+06,8.44E+01,2.88E+01
324,804,1,5,587,83,986,69,172,57,178,28,851,19,9.47E-05,5.90E+01,9.84E+04,9.56E+07,7.25E+01,2.23E+01
731,302,1,1,987,7,964,65,178,70,626,29,779,1,3.78E-05,2.39E+01,8.98E+05,1.05E+07,6.34E+01,1.52E+01
731,280,1,1,949,7,964,66,306,73,611,29,807,1,4.06E-05,2.82E+01,5.77E+05,1.28E+07,6.12E+01,1.41E+01
733,805,1,5,556,16,968,64,178,74,655,38,853,13,5.72E-05,2.91E+01,8.98E+05,1.98E+07,5.78E+01,2.55E+01
324,806,1,5,533,16,984,58,178,74,140,27,778,15,7.65E-05,5.42E+01,9.84E+04,4.80E+07,8.17E+01,3.07E+01
667,806,1,6,492,79,984,64,179,58,210,33,798,15,8.08E-05,5.97E+01,9.84E+04,9.56E+07,7.00E+01,2.41E+01
332,730,1,4,556,15,992,64,178,72,177,28,853,17,1.94E-04,4.22E+01,5.77E+05,1.49E+08,8.61E+01,2.37E+01
712,275,1,1,979,8,947,59,178,72,611,44,796,1,5.35E-05,2.96E+01,5.77E+05,1.63E+07,6.13E+01,1.52E+01
754,401,1,1,984,9,947,57,178,74,611,42,796,1,3.92E-05,2.98E+01,5.77E+05,1.63E+07,5.34E+01,1.20E+01
754,424,1,1,984,12,206,65,151,73,611,42,804,3,5.53E-05,2.23E+01,1.40E+06,1.63E+07,6.74E+01,1.96E+01
748,421,1,1,984,8,947,60,178,76,645,44,829,3,3.76E-05,2.01E+01,8.98E+05,8.19E+06,7.24E+01,2.09E+01
731,783,1,1,994,80,992,66,153,57,221,29,797,1,7.77E-05,8.28E+00,5.27E+06,3.09E+07,-6.90E+01,-1.21E+01
663,316,1,6,447,11,968,64,179,67,636,33,779,18,1.83E-04,1.15E+01,5.27E+06,1.63E+07,1.24E+01,4.43E+00
671,798,1,6,492,83,992,66,179,57,213,33,798,18,9.48E-05,6.00E+01,9.84E+04,1.49E+08,6.41E+01,1.78E+01
731,293,1,1,987,7,964,67,153,67,626,27,779,1,3.74E-05,2.23E+01,8.98E+05,1.05E+07,6.41E+01,1.55E+01
324,803,1,5,578,83,986,68,171,57,178,32,851,20,9.65E-05,5.89E+01,9.84E+04,1.16E+08,7.24E+01,1.75E+01
663,807,1,6,464,83,991,66,179,57,213,28,798,18,8.33E-05,5.83E+01,9.84E+04,1.16E+08,6.93E+01,1.87E+01
324,804,1,5,533,87,984,69,177,74,140,27,778,15,9.17E-05,5.82E+01,1.53E+05,7.48E+07,6.80E+01,2.39E+01
324,805,1,5,587,13,986,57,172,52,178,32,851,19,8.05E-05,5.58E+01,9.84E+04,4.80E+07,9.14E+01,2.96E+01
731,248,1,1,966,7,964,66,205,67,611,29,779,1,3.93E-05,2.47E+01,8.98E+05,1.28E+07,6.58E+01,1.62E+01
754,275,1,1,979,9,947,57,178,74,611,44,697,1,4.04E-05,2.71E+01,8.98E+05,1.28E+07,6.52E+01,1.65E+01
731,280,1,1,948,7,964,66,182,73,611,29,780,1,3.92E-05,2.39E+01,8.98E+05,1.28E+07,6.38E+01,1.54E+01
754,275,1,1,979,7,999,57,301,74,610,44,796,1,3.40E-05,3.04E+01,3.71E+05,1.28E+07,6.52E+01,1.57E+01
341,293,1,1,985,7,963,66,155,68,626,28,788,1,2.67E-04,3.53E+01,8.98E+05,3.95E+07,4.96E+01,1.16E+01
739,829,1,6,536,76,996,64,173,57,193,33,779,18,5.88E-05,5.96E+01,6.32E+04,6.14E+07,7.23E+01,2.55E+01
712,250,1,4,474,16,967,59,153,71,611,44,796,1,1.68E-04,4.15E+01,8.98E+05,7.48E+07,6.76E+01,2.12E+01
735,832,1,1,998,7,947,64,178,73,647,37,797,13,2.60E-05,2.13E+01,5.77E+05,6.73E+06,4.29E+01,8.56E+00
322,784,1,5,533,14,966,64,178,74,610,38,797,11,1.01E-04,3.65E+01,8.98E+05,3.95E+07,6.56E+01,2.64E+01
735,805,1,5,556,20,986,64,180,74,184,28,853,15,6.61E-05,4.29E+01,3.71E+05,3.95E+07,7.48E+01,2.75E+01
731,280,1,1,984,7,947,66,178,73,611,29,811,1,3.79E-05,2.38E+01,8.98E+05,1.05E+07,6.38E+01,1.53E+01
737,387,1,1,979,16,261,66,214,76,652,45,802,3,8.73E-05,2.69E+01,1.40E+06,2.54E+07,6.17E+01,1.83E+01
735,807,1,5,977,14,968,69,174,57,651,40,794,19,4.67E-05,2.33E+01,8.98E+05,1.28E+07,7.84E+01,2.52E+01
737,381,5,1,543,82,247,66,191,73,611,40,802,3,5.54E-04,5.99E+01,9.84E+04,6.14E+07,6.35E+01,2.68E+01
324,804,1,4,491,84,986,66,163,57,170,28,851,22,9.35E-05,5.50E+01,1.53E+05,7.48E+07,7.43E+01,2.34E+01
671,798,1,6,587,76,992,68,179,57,220,27,798,18,9.49E-05,5.55E+01,1.53E+05,1.16E+08,6.70E+01,1.89E+01
324,804,1,5,587,83,968,69,171,56,643,28,848,18,8.44E-05,2.99E+01,2.17E+06,3.95E+07,5.78E+01,2.26E+01
735,806,1,5,533,13,988,64,178,74,150,38,799,14,6.24E-05,5.63E+01,6.32E+04,3.95E+07,7.65E+01,2.67E+01
334,275,1,1,979,7,999,57,181,74,610,28,796,1,2.66E-04,3.48E+01,8.98E+05,3.95E+07,5.01E+01,1.19E+01
743,794,1,4,533,15,984,58,297,74,140,40,778,14,6.81E-05,5.77E+01,6.32E+04,3.95E+07,7.25E+01,2.60E+01
754,778,1,1,979,8,947,65,179,78,206,44,796,1,2.68E-05,1.61E+01,8.98E+05,6.73E+06,-2.78E+01,-4.09E+00
674,294,1,6,461,83,992,56,179,55,605,33,804,14,4.90E-04,2.59E+01,8.19E+06,3.60E+08,3.39E+00,1.91E+00
757,881,1,1,979,6,958,57,207,73,136,44,795,18,1.87E-05,5.37E+01,2.61E+04,1.05E+07,4.31E+01,7.74E+00
739,277,1,6,536,77,995,59,177,57,567,33,779,1,3.13E-04,4.82E+01,8.98E+05,2.31E+08,3.74E+01,1.62E+01
663,802,1,3,536,76,984,64,177,61,210,33,757,16,8.68E-05,5.97E+01,9.84E+04,6.14E+07,5.48E+01,2.97E+01
735,805,1,6,494,20,986,63,180,71,203,25,853,15,6.54E-05,3.82E+01,5.77E+05,3.95E+07,8.09E+01,2.51E+01
729,381,5,1,543,85,247,67,234,66,611,49,802,3,6.05E-04,2.95E+01,1.40E+06,3.95E+07,6.66E+01,2.82E+01
738,293,1,1,987,8,964,65,153,73,626,27,779,1,3.91E-05,2.23E+01,8.98E+05,1.28E+07,6.17E+01,1.46E+01
755,427,1,1,543,86,941,67,191,73,611,40,802,3,2.93E-04,4.31E+01,1.40E+06,1.16E+08,2.02E+01,6.81E+00
731,293,4,1,987,6,242,67,153,67,626,27,779,1,3.40E-05,2.13E+01,2.38E+05,2.78E+06,8.02E+01,1.91E+01
735,807,6,5,467,81,992,63,179,57,626,41,797,18,7.12E-05,3.40E+01,2.38E+05,1.05E+07,1.02E+02,2.37E+01
663,807,1,5,530,81,992,70,173,57,217,33,794,18,8.82E-05,5.98E+01,9.84E+04,9.56E+07,7.14E+01,2.55E+01
739,829,1,6,506,77,938,64,173,57,193,34,772,18,6.17E-05,5.98E+01,6.32E+04,6.14E+07,7.20E+01,2.48E+01
330,806,1,6,548,81,996,64,173,57,132,33,797,18,8.76E-05,5.70E+01,1.53E+05,1.16E+08,7.15E+01,2.43E+01
737,381,5,1,543,82,247,66,155,71,611,40,802,3,5.53E-04,5.68E+01,9.84E+04,6.14E+07,6.40E+01,2.75E+01
341,806,1,5,536,81,984,64,173,57,193,33,798,19,8.85E-05,5.91E+01,9.84E+04,9.56E+07,7.35E+01,2.35E+01
660,275,1,6,979,7,999,64,298,74,192,40,788,18,9.09E-05,1.51E+01,2.17E+06,8.19E+06,1.20E+02,7.30E+00
756,807,1,1,504,82,992,57,184,56,580,33,798,1,5.30E-05,1.27E+01,3.38E+06,3.95E+07,-7.61E+01,-1.45E+01
743,794,1,4,535,81,991,58,297,70,140,40,781,14,8.43E-05,5.48E+01,1.53E+05,7.48E+07,6.09E+01,2.61E+01
671,797,1,5,489,13,962,66,179,55,213,33,797,18,9.00E-05,5.65E+01,9.84E+04,6.14E+07,9.09E+01,2.37E+01
667,806,1,6,492,79,997,64,179,58,193,33,798,15,8.01E-05,5.95E+01,9.84E+04,9.56E+07,7.06E+01,2.43E+01
718,829,1,6,536,75,982,55,173,57,209,33,779,18,5.29E-05,5.74E+01,9.84E+04,4.80E+07,7.35E+01,2.66E+01
712,275,1,1,979,14,947,59,178,72,611,44,813,1,8.67E-05,3.48E+01,5.77E+05,3.09E+07,4.78E+01,1.19E+01
754,275,1,1,979,10,947,56,178,74,611,44,796,1,4.42E-05,2.91E+01,5.77E+05,1.63E+07,6.02E+01,1.46E+01
743,794,1,4,533,15,989,58,297,67,140,40,790,14,6.79E-05,5.71E+01,6.32E+04,3.95E+07,7.27E+01,2.70E+01
823,381,5,1,519,82,247,66,191,73,611,40,802,3,2.38E-04,3.89E+01,3.71E+05,3.95E+07,6.87E+01,2.24E+01
732,801,1,5,556,80,992,70,180,56,183,27,794,18,9.19E-05,5.93E+01,9.84E+04,9.56E+07,7.30E+01,2.36E+01
665,783,1,5,529,20,986,55,172,74,217,33,853,15,8.77E-05,4.55E+01,3.71E+05,6.14E+07,8.36E+01,1.99E+01
754,275,1,1,979,8,947,57,154,74,610,42,796,1,3.56E-05,2.58E+01,8.98E+05,1.28E+07,6.49E+01,1.61E+01
731,293,1,1,987,7,966,66,176,66,626,24,778,1,3.72E-05,2.24E+01,8.98E+05,1.05E+07,6.35E+01,1.51E+01
729,812,1,5,540,13,988,64,152,74,130,38,798,14,6.04E-05,5.52E+01,9.84E+04,3.95E+07,7.31E+01,2.85E+01
731,287,1,1,987,6,990,67,145,66,626,27,779,1,3.24E-05,2.06E+01,8.98E+05,8.19E+06,6.74E+01,1.67E+01
671,818,1,6,492,83,997,63,178,57,213,33,772,17,6.89E-05,5.99E+01,9.84E+04,7.48E+07,7.22E+01,2.32E+01
341,797,1,5,536,81,996,66,173,57,192,33,798,18,1.00E-04,5.90E+01,9.84E+04,1.16E+08,7.11E+01,1.82E+01
712,275,1,1,979,8,998,59,302,73,609,44,796,1,5.58E-05,3.37E+01,5.77E+05,1.98E+07,5.94E+01,1.41E+01
754,275,1,1,907,7,946,53,176,72,611,44,791,1,3.45E-05,2.70E+01,5.77E+05,1.28E+07,6.61E+01,1.64E+01
671,275,1,1,463,1,946,66,154,74,223,32,797,1,2.60E-05,2.32E+01,5.77E+05,6.73E+06,8.04E+01,2.39E+01
753,798,1,6,992,96,992,56,179,57,599,42,796,17,6.84E-05,3.32E+01,8.98E+05,3.95E+07,5.84E+01,2.56E+01
748,255,1,1,564,88,947,70,154,73,212,42,793,16,4.18E-04,2.99E+01,5.27E+06,1.81E+08,7.34E+01,1.34E+01
668,827,1,5,943,1,992,56,153,54,614,33,796,2,1.08E-05,4.62E+01,2.61E+04,3.38E+06,4.13E+01,7.78E+00
718,829,1,1,536,6,947,55,173,74,209,25,779,18,3.68E-05,2.51E+01,8.98E+05,1.28E+07,5.03E+01,1.01E+01
754,275,1,6,999,77,976,57,194,56,641,44,796,1,2.12E-04,6.10E+01,1.53E+05,1.81E+08,4.39E+01,1.88E+01
665,828,1,6,536,75,975,64,173,57,193,34,779,18,6.20E-05,5.97E+01,6.32E+04,6.14E+07,7.28E+01,2.54E+01
736,807,1,6,492,86,996,64,179,57,213,33,810,18,7.99E-05,6.00E+01,9.84E+04,1.16E+08,6.96E+01,2.12E+01
630,268,4,1,968,80,299,66,300,73,611,40,795,2,7.26E-04,2.52E+01,2.17E+06,3.95E+07,5.51E+01,2.33E+01
754,387,1,1,551,7,987,56,191,80,610,43,802,2,5.16E-05,2.59E+01,8.98E+05,1.63E+07,6.28E+01,1.62E+01
737,798,4,1,492,77,992,74,178,62,623,33,798,2,7.81E-05,1.78E+01,8.98E+05,6.14E+07,-8.24E+01,-1.42E+01
670,381,1,6,543,82,247,66,191,73,200,40,832,18,1.05E-03,3.95E+01,5.27E+06,1.36E+09,1.66E+00,1.66E+00
663,807,1,6,463,83,991,64,179,57,222,33,798,16,8.05E-05,6.00E+01,9.84E+04,9.56E+07,6.95E+01,2.22E+01
694,810,1,6,477,83,998,63,101,57,213,33,785,13,7.16E-05,5.69E+01,9.84E+04,6.14E+07,6.97E+01,2.48E+01
691,818,1,5,538,82,999,63,150,74,141,27,772,16,6.56E-05,4.87E+01,2.38E+05,4.80E+07,6.54E+01,2.83E+01
768,812,1,5,493,13,991,63,179,50,216,38,798,14,5.28E-05,5.77E+01,6.32E+04,3.09E+07,7.54E+01,2.82E+01
743,794,1,4,533,15,984,69,297,74,150,40,695,14,7.56E-05,5.78E+01,6.32E+04,4.80E+07,7.64E+01,2.47E+01
663,806,1,5,529,81,992,58,173,57,206,30,794,16,7.49E-05,5.94E+01,9.84E+04,7.48E+07,7.14E+01,2.68E+01
729,812,1,5,540,16,988,64,152,74,130,38,798,14,6.31E-05,5.55E+01,9.84E+04,3.95E+07,7.20E+01,2.84E+01
754,275,1,1,979,7,999,57,325,74,610,44,796,1,3.44E-05,3.13E+01,3.71E+05,1.28E+07,6.48E+01,1.55E+01
729,812,1,5,540,13,988,68,152,74,130,38,798,14,6.24E-05,5.50E+01,9.84E+04,3.95E+07,7.29E+01,2.83E+01
671,825,1,6,492,83,992,66,179,57,213,33,812,18,6.50E-05,6.00E+01,6.32E+04,7.48E+07,7.10E+01,2.15E+01
754,275,1,1,981,8,947,57,154,74,610,42,796,1,3.56E-05,2.58E+01,8.98E+05,1.28E+07,6.50E+01,1.61E+01
663,807,1,6,466,83,995,64,179,57,213,31,798,18,8.17E-05,5.96E+01,9.84E+04,1.16E+08,6.94E+01,1.88E+01
733,381,5,1,534,79,247,66,181,72,611,40,756,1,5.23E-04,1.79E+01,3.38E+06,7.48E+07,-4.48E+01,-4.98E+00
757,288,1,1,983,9,999,57,310,74,610,44,796,3,4.13E-05,2.33E+01,8.98E+05,1.05E+07,7.59E+01,2.37E+01
671,797,1,6,492,83,992,64,179,57,213,34,798,17,9.29E-05,6.00E+01,9.84E+04,1.49E+08,6.52E+01,2.05E+01
695,807,1,6,448,82,991,65,179,57,222,33,798,18,8.27E-05,5.99E+01,9.84E+04,1.16E+08,6.86E+01,1.90E+01
663,807,1,6,463,83,992,71,179,57,213,34,798,18,8.95E-05,5.98E+01,9.84E+04,1.16E+08,6.67E+01,2.10E+01
744,807,1,6,527,86,996,64,179,58,213,33,809,18,7.92E-05,5.99E+01,9.84E+04,9.56E+07,6.98E+01,2.13E+01
671,818,1,6,492,83,996,63,236,57,213,33,809,17,6.88E-05,6.02E+01,6.32E+04,7.48E+07,7.07E+01,2.33E+01
736,806,1,6,492,85,996,63,179,57,213,33,740,17,8.03E-05,5.96E+01,9.84E+04,1.16E+08,6.94E+01,2.09E+01
754,275,1,1,979,8,947,57,154,74,610,42,796,1,3.56E-05,2.58E+01,8.98E+05,1.28E+07,6.49E+01,1.61E+01
718,829,1,6,536,75,982,55,160,57,209,33,773,18,5.27E-05,5.47E+01,9.84E+04,4.80E+07,7.40E+01,2.59E+01
753,297,1,1,907,7,946,58,176,72,611,43,791,1,3.49E-05,2.71E+01,5.77E+05,1.28E+07,6.48E+01,1.59E+01
768,812,1,5,493,13,971,63,179,57,216,38,815,14,5.26E-05,5.74E+01,6.32E+04,3.09E+07,7.39E+01,2.79E+01
754,275,1,1,905,7,946,53,176,72,611,36,769,1,3.34E-05,2.48E+01,8.98E+05,1.05E+07,6.63E+01,1.64E+01
769,275,1,1,980,10,959,55,178,74,611,44,797,1,3.78E-05,2.83E+01,5.77E+05,1.28E+07,6.18E+01,1.50E+01
710,764,1,5,492,83,991,64,179,57,213,38,816,13,1.27E-04,5.59E+01,2.38E+05,1.81E+08,6.31E+01,2.03E+01
768,812,1,5,492,15,969,62,179,57,215,33,796,17,5.53E-05,4.35E+01,2.38E+05,3.09E+07,8.20E+01,2.60E+01
712,829,1,5,491,68,987,55,160,56,209,33,773,18,5.27E-05,5.57E+01,9.84E+04,3.95E+07,6.86E+01,2.81E+01
773,812,1,5,535,13,991,63,170,50,232,35,798,14,4.98E-05,5.67E+01,6.32E+04,3.09E+07,7.57E+01,2.88E+01
754,817,1,1,532,75,975,63,172,72,615,34,791,16,5.80E-05,2.91E+01,1.40E+06,3.09E+07,6.57E+00,1.33E+00
672,285,1,6,907,7,946,53,176,52,188,43,778,1,8.73E-05,4.58E+01,1.53E+05,3.95E+07,1.09E+02,2.27E+01
673,818,1,6,942,87,996,56,323,74,243,33,796,17,6.20E-05,6.08E+01,6.32E+04,6.14E+07,6.66E+01,2.65E+01
751,245,1,1,492,3,999,63,237,56,579,44,808,1,3.19E-05,2.91E+01,3.71E+05,1.05E+07,7.11E+01,1.83E+01
671,818,1,6,503,83,995,63,178,57,213,33,767,17,6.91E-05,5.99E+01,9.84E+04,7.48E+07,7.23E+01,2.33E+01
671,818,1,6,492,83,997,62,236,57,213,33,809,17,6.79E-05,6.02E+01,6.32E+04,7.48E+07,7.09E+01,2.34E+01
671,257,1,6,494,82,991,64,299,57,213,33,797,1,5.03E-04,1.39E+01,1.28E+07,9.56E+07,3.27E+01,1.16E+01
754,815,1,1,974,7,999,57,180,74,610,44,796,17,2.40E-05,1.80E+01,8.98E+05,5.27E+06,5.90E+01,1.33E+01
718,275,1,1,917,75,946,53,176,72,611,35,769,1,2.67E-04,5.01E+01,5.77E+05,9.56E+07,7.83E+00,2.04E+00
753,829,1,6,517,6,968,55,167,57,209,33,773,18,3.46E-05,3.14E+01,5.77E+05,1.28E+07,8.65E+01,2.81E+01
739,829,1,4,494,16,996,61,178,57,146,33,814,18,5.26E-05,5.72E+01,6.32E+04,3.09E+07,6.46E+01,3.28E+01
767,812,1,4,534,72,971,62,173,59,216,38,779,14,6.90E-05,5.93E+01,9.84E+04,4.80E+07,5.45E+01,2.81E+01
763,305,1,4,488,84,996,64,179,75,615,33,810,18,2.93E-04,1.92E+01,8.19E+06,7.48E+07,5.70E+00,3.26E+00
753,776,1,1,958,8,999,57,325,57,207,43,796,1,2.64E-05,1.21E+01,8.98E+05,3.38E+06,-3.09E+01,-4.62E+00
733,829,1,6,506,77,938,64,194,61,193,34,772,19,6.24E-05,5.98E+01,6.32E+04,6.14E+07,7.27E+01,2.33E+01
754,275,1,1,914,7,946,53,162,72,611,36,676,1,3.29E-05,2.30E+01,8.98E+05,1.05E+07,6.89E+01,1.77E+01
752,267,1,1,973,9,946,56,184,74,212,44,764,1,4.96E-05,3.57E+01,3.71E+05,1.98E+07,6.93E+01,1.80E+01
748,829,1,6,514,3,996,55,167,57,620,33,799,18,2.04E-05,1.59E+01,8.98E+05,3.38E+06,8.12E+01,2.86E+01
754,288,1,1,979,6,947,56,161,74,611,52,824,1,2.88E-05,2.64E+01,5.77E+05,1.05E+07,6.87E+01,1.74E+01
754,275,1,1,905,6,946,52,176,74,611,36,769,1,2.90E-05,2.33E+01,5.77E+05,8.19E+06,6.87E+01,1.72E+01
717,829,1,6,536,78,968,55,173,74,209,33,779,17,5.08E-05,4.33E+01,3.71E+05,3.95E+07,6.91E+01,2.24E+01
769,275,1,1,977,6,959,55,178,56,611,44,797,8,2.56E-05,9.34E+00,8.98E+05,2.17E+06,8.68E+01,3.41E+01
739,829,1,6,506,77,771,64,162,58,193,36,772,1,5.46E-05,4.71E+00,3.38E+06,6.73E+06,-7.88E+01,-1.35E+01
754,275,1,1,914,7,977,53,172,70,611,33,676,17,3.28E-05,-1.19E+00,-1.00E+01,-1.00E+01,8.87E+01,3.25E+01
754,275,1,1,914,8,946,53,116,74,611,36,676,1,3.59E-05,1.99E+01,1.40E+06,1.05E+07,6.73E+01,1.73E+01
773,790,1,5,535,16,991,63,170,50,247,35,798,14,6.21E-05,4.97E+01,1.53E+05,3.95E+07,8.55E+01,2.47E+01
706,829,1,6,526,75,982,63,173,56,209,33,778,18,5.93E-05,5.96E+01,6.32E+04,6.14E+07,7.26E+01,2.52E+01
749,253,1,1,424,3,999,54,352,62,579,44,720,1,3.82E-05,3.25E+01,3.71E+05,1.28E+07,6.82E+01,1.70E+01
740,238,1,6,536,70,982,55,160,57,210,44,789,19,3.91E-04,2.94E+01,5.27E+06,6.82E+08,-3.46E+00,-1.67E+00
751,837,1,1,492,3,999,62,237,56,557,32,808,1,1.80E-05,1.55E+01,5.77E+05,5.27E+06,-4.85E+01,-7.38E+00
673,818,1,6,919,87,996,56,323,79,242,33,796,17,6.17E-05,5.97E+01,6.32E+04,6.14E+07,6.60E+01,2.64E+01
753,829,1,6,539,6,968,50,166,57,209,33,773,17,3.23E-05,3.13E+01,3.71E+05,1.28E+07,8.48E+01,2.91E+01
673,818,1,6,942,87,996,55,323,74,243,39,796,17,6.20E-05,6.15E+01,6.32E+04,6.14E+07,6.65E+01,2.54E+01
739,829,1,6,579,82,996,64,173,57,193,33,779,18,5.88E-05,5.97E+01,6.32E+04,6.14E+07,7.14E+01,2.58E+01
655,828,1,6,483,82,996,62,234,57,343,33,809,17,5.72E-05,5.53E+01,9.84E+04,4.80E+07,6.50E+01,2.39E+01
665,817,1,5,539,75,975,63,174,47,193,34,788,18,7.26E-05,5.92E+01,9.84E+04,7.48E+07,7.30E+01,2.76E+01
754,246,1,1,914,7,946,53,179,72,611,32,694,1,3.27E-05,2.25E+01,8.98E+05,1.05E+07,6.92E+01,1.77E+01
787,859,1,3,494,15,996,61,160,57,145,36,819,18,3.14E-05,5.70E+01,4.06E+04,1.98E+07,4.12E+01,9.73E+00
768,812,1,4,493,13,991,63,178,50,677,37,774,14,4.52E-05,2.91E+01,8.98E+05,1.98E+07,5.70E+01,2.63E+01
754,275,1,1,914,7,946,53,162,72,173,36,676,1,3.97E-05,3.09E+01,5.77E+05,1.28E+07,7.43E+01,2.06E+01
753,267,1,1,978,6,947,56,184,76,212,42,784,1,3.38E-05,3.16E+01,3.71E+05,1.28E+07,7.43E+01,1.99E+01
752,288,1,1,973,8,945,56,160,74,611,53,764,1,3.82E-05,2.83E+01,5.77E+05,1.28E+07,6.50E+01,1.64E+01
831,817,1,6,520,3,997,53,157,73,209,33,773,17,1.04E-05,1.51E+01,3.71E+05,1.79E+06,8.69E+01,3.06E+01
687,829,1,6,959,87,967,50,313,57,250,30,796,17,4.97E-05,6.12E+01,4.06E+04,3.95E+07,6.52E+01,2.96E+01
768,812,1,5,493,12,991,63,179,50,216,38,798,14,5.16E-05,5.75E+01,6.32E+04,3.09E+07,7.59E+01,2.85E+01
717,819,1,6,536,78,968,55,173,74,209,33,779,17,5.87E-05,4.25E+01,3.71E+05,4.80E+07,7.20E+01,2.26E+01
672,818,1,5,426,83,935,54,443,62,251,30,720,1,4.77E-05,9.36E+00,2.17E+06,6.73E+06,-8.05E+01,-1.47E+01
750,252,1,1,942,6,999,56,323,74,570,44,796,17,3.31E-05,6.60E+00,8.98E+05,1.40E+06,8.62E+01,3.57E+01
796,817,1,4,942,87,997,55,323,65,231,39,795,17,5.73E-05,6.16E+01,4.06E+04,3.95E+07,5.47E+01,3.02E+01
673,812,1,5,535,13,991,63,170,52,237,35,798,14,6.80E-05,5.62E+01,6.32E+04,3.95E+07,7.52E+01,2.98E+01
739,829,1,6,536,76,996,64,173,63,168,33,779,18,5.87E-05,5.92E+01,6.32E+04,6.14E+07,7.18E+01,2.57E+01
752,267,1,1,973,9,877,56,184,74,212,44,764,1,4.99E-05,3.57E+01,3.71E+05,1.98E+07,6.93E+01,1.80E+01
739,846,1,6,536,76,996,64,173,57,193,33,779,18,4.52E-05,5.96E+01,6.32E+04,3.95E+07,6.30E+01,2.95E+01
673,828,1,6,942,87,996,56,326,74,227,33,796,17,5.38E-05,6.11E+01,6.32E+04,4.80E+07,6.35E+01,2.86E+01
755,856,1,6,978,11,982,62,172,58,209,33,802,18,2.93E-05,4.62E+01,9.84E+04,1.63E+07,6.93E+01,2.86E+01
688,206,1,1,525,71,999,52,325,75,627,41,797,1,4.01E-04,3.02E+01,5.27E+06,1.16E+08,-1.33E+00,-3.06E+02
753,305,1,1,974,6,947,56,161,73,631,37,823,14,2.74E-05,9.44E-01,1.40E+06,4.74E+05,8.73E+01,3.34E+01
768,812,1,5,495,13,991,59,179,50,195,52,798,1,3.66E-05,3.64E+00,2.17E+06,1.79E+06,-5.93E+01,-9.25E+00
731,829,1,3,506,16,996,60,178,56,146,33,796,15,5.08E-05,5.68E+01,6.32E+04,3.09E+07,4.76E+01,1.51E+01
673,820,1,6,929,87,996,56,323,74,243,33,813,16,5.94E-05,6.14E+01,6.32E+04,4.80E+07,6.37E+01,2.65E+01
797,857,1,3,494,2,999,60,352,57,579,44,720,1,8.57E-06,1.87E+01,2.38E+05,2.17E+06,-3.46E+01,-5.31E+00
739,229,1,1,423,16,996,54,178,61,146,33,814,18,1.76E-04,2.11E+01,3.38E+06,3.95E+07,1.06E+02,1.98E+01
773,812,1,5,535,13,991,63,171,50,240,35,798,12,4.81E-05,5.75E+01,6.32E+04,3.09E+07,6.90E+01,3.02E+01
751,245,1,1,492,3,999,63,237,61,579,44,808,1,3.13E-05,2.83E+01,5.77E+05,1.05E+07,7.08E+01,1.81E+01
673,818,1,6,942,87,994,55,323,76,243,39,796,16,6.11E-05,6.15E+01,6.32E+04,6.14E+07,6.47E+01,2.61E+01
673,828,1,6,942,87,996,56,328,74,227,33,784,17,5.39E-05,6.11E+01,6.32E+04,4.80E+07,6.40E+01,2.86E+01
675,785,1,6,874,86,996,64,327,72,242,39,777,17,1.08E-04,6.11E+01,9.84E+04,1.49E+08,5.54E+01,1.83E+01
736,823,1,6,532,76,996,54,168,58,193,33,775,18,5.60E-05,5.41E+01,9.84E+04,6.14E+07,7.59E+01,2.48E+01
755,856,1,5,978,11,980,62,172,58,178,32,693,17,2.98E-05,4.41E+01,1.53E+05,1.63E+07,6.69E+01,3.40E+01
754,246,1,1,914,7,947,53,138,72,611,32,795,5,3.21E-05,7.97E+00,1.40E+06,2.78E+06,8.40E+01,3.19E+01
753,829,1,6,550,6,968,55,167,57,209,33,773,18,3.37E-05,3.08E+01,5.77E+05,1.28E+07,8.65E+01,2.83E+01
752,267,1,1,986,9,953,54,184,74,212,45,764,1,4.92E-05,3.58E+01,3.71E+05,1.98E+07,6.96E+01,1.82E+01
751,219,1,5,495,2,999,63,237,54,227,43,808,1,2.86E-05,3.23E+01,2.38E+05,8.19E+06,9.44E+01,2.67E+01
688,840,1,1,938,87,996,51,331,73,576,33,796,17,3.60E-05,3.28E+01,5.77E+05,1.98E+07,1.05E+01,2.22E+00
749,253,1,1,412,3,999,54,352,62,579,44,720,1,3.91E-05,3.27E+01,3.71E+05,1.28E+07,6.78E+01,1.68E+01
754,246,1,1,914,7,955,53,179,72,611,32,694,1,3.26E-05,2.25E+01,8.98E+05,1.05E+07,6.92E+01,1.77E+01
755,856,1,6,946,11,982,62,321,58,243,32,716,17,3.09E-05,5.67E+01,2.61E+04,1.63E+07,6.90E+01,3.21E+01
673,818,1,6,973,87,996,55,146,74,159,39,796,10,5.52E-05,5.66E+01,9.84E+04,3.95E+07,4.90E+01,2.93E+01
745,265,1,5,978,5,982,62,184,58,209,32,811,17,3.15E-05,6.50E+00,8.98E+05,1.79E+06,1.09E+02,1.65E+01
752,857,1,1,978,11,946,56,171,76,211,42,784,1,2.03E-05,8.70E+00,8.98E+05,3.38E+06,-6.19E+01,-9.65E+00
773,812,1,4,535,13,991,63,105,50,240,33,798,12,4.61E-05,4.12E+01,3.71E+05,2.54E+07,6.22E+01,3.27E+01
687,829,1,6,956,87,967,50,313,57,250,30,796,17,4.97E-05,6.12E+01,4.06E+04,3.95E+07,6.52E+01,2.96E+01
754,288,1,1,979,12,947,56,161,73,611,52,824,1,5.30E-05,3.23E+01,5.77E+05,1.98E+07,5.50E+01,1.34E+01
673,828,1,6,942,87,996,56,328,74,227,33,784,18,5.45E-05,6.05E+01,6.32E+04,4.80E+07,6.59E+01,2.64E+01
755,235,1,5,978,11,980,63,172,58,187,32,693,17,5.77E-05,1.03E+01,2.17E+06,5.27E+06,1.33E+02,1.02E+01
755,867,1,1,492,3,999,61,237,61,579,45,808,1,1.45E-05,1.01E+01,5.77E+05,2.17E+06,-5.81E+01,-9.15E+00
749,253,1,1,521,3,999,54,328,62,574,44,720,1,3.18E-05,3.05E+01,3.71E+05,1.05E+07,7.15E+01,1.84E+01
751,200,1,1,492,3,999,63,237,60,579,44,845,1,3.15E-05,2.84E+01,5.77E+05,1.05E+07,7.16E+01,1.85E+01
753,267,1,1,978,6,947,56,184,76,212,42,729,1,3.39E-05,3.09E+01,3.71E+05,1.28E+07,7.53E+01,2.07E+01
738,818,1,6,946,83,993,55,323,76,243,39,774,16,5.99E-05,6.14E+01,6.32E+04,6.14E+07,6.58E+01,2.61E+01
773,777,1,4,535,13,991,62,171,50,193,30,795,9,5.64E-05,5.72E+01,6.32E+04,3.09E+07,6.72E+01,3.20E+01
680,829,1,6,957,87,967,50,321,56,250,34,798,17,5.03E-05,6.18E+01,4.06E+04,4.80E+07,6.52E+01,2.90E+01
754,288,1,4,977,7,947,56,347,74,607,52,824,16,3.71E-05,1.04E+01,8.98E+05,2.17E+06,1.02E+02,1.93E+01
673,828,1,1,943,87,996,56,158,74,230,33,780,1,3.99E-05,1.17E+01,2.17E+06,2.54E+07,-7.16E+01,-1.30E+01
673,818,1,5,942,91,996,55,323,74,219,39,830,17,6.16E-05,6.15E+01,6.32E+04,4.80E+07,6.01E+01,2.86E+01
673,818,1,6,974,87,997,55,323,76,234,39,816,16,6.07E-05,6.14E+01,6.32E+04,6.14E+07,6.41E+01,2.65E+01
673,811,1,5,545,86,991,54,170,52,239,44,829,11,6.15E-05,3.72E+01,8.98E+05,3.95E+07,5.10E+01,2.74E+01
772,867,1,5,877,16,996,70,323,71,219,35,797,18,2.94E-05,5.90E+01,2.61E+04,1.98E+07,4.97E+01,1.80E+01
680,829,1,6,957,86,967,50,321,56,250,34,798,17,5.03E-05,6.18E+01,4.06E+04,4.80E+07,6.53E+01,2.90E+01
751,245,1,1,492,1,999,63,237,63,579,44,808,1,1.27E-05,2.08E+01,3.71E+05,2.78E+06,8.08E+01,2.39E+01
687,844,1,6,897,86,967,56,313,57,264,30,796,15,4.17E-05,6.19E+01,4.06E+04,3.09E+07,5.05E+01,3.03E+01
788,245,1,1,492,3,999,63,237,61,579,44,808,1,2.11E-05,2.64E+01,3.71E+05,6.73E+06,7.34E+01,1.90E+01
673,818,1,6,942,87,994,55,323,76,243,39,796,17,6.20E-05,6.14E+01,6.32E+04,6.14E+07,6.62E+01,2.54E+01
673,818,1,4,942,88,996,55,323,74,219,39,829,17,6.16E-05,6.15E+01,6.32E+04,4.80E+07,5.22E+01,3.03E+01
755,856,1,5,978,11,980,62,192,58,180,32,799,16,2.91E-05,5.51E+01,4.06E+04,1.63E+07,5.94E+01,2.34E+01
776,856,1,5,978,11,981,62,172,58,206,33,695,18,2.62E-05,3.43E+01,2.38E+05,1.28E+07,6.97E+01,3.41E+01
749,847,1,4,536,76,996,63,103,57,195,33,671,18,4.19E-05,3.53E+01,5.77E+05,2.54E+07,5.33E+01,2.97E+01
739,807,1,4,535,13,991,63,174,50,237,33,798,12,5.85E-05,5.72E+01,6.32E+04,3.09E+07,6.24E+01,3.19E+01
673,818,1,6,900,87,937,55,323,76,243,38,796,16,6.37E-05,6.15E+01,6.32E+04,6.14E+07,6.43E+01,2.51E+01
773,812,1,4,600,13,991,63,105,50,240,33,798,12,4.41E-05,3.82E+01,3.71E+05,2.54E+07,6.31E+01,3.29E+01
755,288,1,1,979,6,992,56,161,47,611,52,824,1,3.14E-05,3.04E+01,3.71E+05,1.05E+07,7.04E+01,1.84E+01
771,812,1,5,516,13,945,63,170,76,240,35,798,7,4.46E-05,5.71E+01,6.32E+04,2.54E+07,4.02E+01,1.35E+01
754,856,1,6,519,76,992,64,173,57,193,34,828,18,3.79E-05,5.97E+01,4.06E+04,3.09E+07,5.30E+01,2.96E+01
738,288,1,1,988,6,949,56,161,74,611,50,783,1,3.30E-05,2.63E+01,5.77E+05,1.05E+07,6.86E+01,1.76E+01
669,828,1,6,941,87,995,61,179,73,209,33,802,17,5.61E-05,5.41E+01,9.84E+04,4.80E+07,6.54E+01,2.69E+01
752,856,1,6,978,11,982,56,318,58,226,33,795,17,2.90E-05,5.76E+01,2.61E+04,1.63E+07,6.62E+01,3.28E+01
762,848,1,5,978,11,980,62,172,58,252,32,799,17,2.91E-05,3.52E+01,3.71E+05,1.28E+07,6.66E+01,3.31E+01
780,856,1,6,978,11,982,62,172,55,178,33,695,9,2.35E-05,5.63E+01,2.61E+04,1.28E+07,4.70E+01,1.35E+01
754,287,1,1,993,6,968,52,161,67,239,51,810,1,3.50E-05,3.37E+01,3.71E+05,1.28E+07,7.41E+01,1.98E+01
679,829,1,6,957,87,979,50,321,73,607,34,824,19,4.22E-05,3.09E+01,8.98E+05,1.98E+07,5.62E+01,2.40E+01
682,829,1,6,957,85,967,58,321,56,250,34,794,17,5.62E-05,6.14E+01,6.32E+04,4.80E+07,6.45E+01,2.80E+01
673,827,1,6,942,87,941,56,326,74,292,33,796,17,5.58E-05,5.83E+01,6.32E+04,4.80E+07,6.19E+01,2.71E+01
773,818,1,5,987,15,998,63,329,78,256,35,798,12,3.82E-05,5.20E+01,6.32E+04,1.98E+07,6.26E+01,2.81E+01
673,811,1,6,513,82,994,55,164,49,237,39,796,16,6.83E-05,5.95E+01,9.84E+04,7.48E+07,7.32E+01,2.27E+01
756,874,1,5,978,12,982,62,180,58,212,33,695,18,2.46E-05,5.17E+01,4.06E+04,1.28E+07,5.82E+01,2.05E+01
776,856,1,6,994,11,982,56,309,58,225,33,748,17,2.64E-05,5.48E+01,4.06E+04,1.63E+07,6.90E+01,3.15E+01
775,855,1,5,907,11,980,64,172,58,192,32,692,16,2.77E-05,4.07E+01,1.53E+05,1.28E+07,6.54E+01,3.14E+01
739,851,1,5,536,75,996,61,173,55,206,33,781,18,4.01E-05,5.94E+01,4.06E+04,3.09E+07,5.23E+01,2.86E+01
687,829,1,5,956,87,968,54,313,74,250,30,794,17,5.13E-05,5.44E+01,9.84E+04,3.95E+07,5.62E+01,3.10E+01
683,818,1,5,916,91,998,50,323,56,219,39,831,17,5.80E-05,6.08E+01,6.32E+04,4.80E+07,6.28E+01,2.92E+01
750,829,1,6,957,86,967,50,321,56,226,34,797,17,4.93E-05,6.16E+01,4.06E+04,4.80E+07,6.55E+01,2.94E+01
681,856,1,6,971,11,982,56,318,57,264,33,795,17,3.34E-05,5.83E+01,2.61E+04,1.98E+07,6.56E+01,3.47E+01
773,812,1,5,535,13,991,63,179,50,231,35,798,12,4.82E-05,5.77E+01,6.32E+04,3.09E+07,6.90E+01,3.02E+01
773,812,1,4,535,13,991,63,170,50,240,41,798,14,5.04E-05,5.74E+01,6.32E+04,3.09E+07,6.76E+01,3.07E+01
755,855,1,4,978,11,976,62,172,55,178,32,697,18,3.06E-05,4.34E+01,1.53E+05,1.63E+07,6.42E+01,2.55E+01
775,812,1,5,535,12,991,63,170,50,232,34,823,14,4.75E-05,5.57E+01,6.32E+04,3.09E+07,7.50E+01,2.94E+01
686,864,1,5,977,86,967,48,321,56,250,33,783,17,2.76E-05,6.12E+01,2.61E+04,1.98E+07,4.08E+01,1.53E+01
680,829,1,6,959,89,945,50,312,57,250,30,797,10,4.53E-05,5.37E+01,9.84E+04,3.09E+07,4.08E+01,2.69E+01
705,829,1,6,977,81,889,58,321,55,208,33,794,18,6.01E-05,6.05E+01,6.32E+04,6.14E+07,6.73E+01,2.79E+01
755,854,1,6,957,27,981,61,172,58,271,28,801,16,3.35E-05,4.36E+01,2.38E+05,1.98E+07,5.73E+01,3.33E+01
775,819,1,4,978,11,987,61,172,58,206,33,695,18,3.20E-05,2.68E+01,5.77E+05,1.05E+07,8.07E+01,3.27E+01
752,894,1,5,978,11,982,60,318,58,226,33,801,17,1.71E-05,5.86E+01,1.68E+04,1.05E+07,3.91E+01,8.64E+00
759,842,1,1,956,7,946,56,321,56,252,34,796,1,1.80E-05,1.01E+01,8.98E+05,2.17E+06,-5.46E+01,-8.49E+00
754,274,1,5,979,86,967,47,161,71,611,52,822,16,2.17E-04,2.08E+01,5.27E+06,7.48E+07,1.26E+01,7.84E+00
680,829,1,6,953,87,955,50,321,56,251,34,759,17,5.13E-05,6.17E+01,4.06E+04,4.80E+07,6.68E+01,2.86E+01
755,856,1,6,946,11,953,61,321,58,243,32,716,17,3.10E-05,5.68E+01,2.61E+04,1.63E+07,6.89E+01,3.23E+01
776,856,1,6,994,11,982,56,309,58,225,33,748,17,2.64E-05,5.48E+01,4.06E+04,1.63E+07,6.90E+01,3.15E+01
803,884,1,5,907,11,980,64,172,59,192,32,692,16,1.78E-05,5.11E+01,4.06E+04,1.05E+07,5.02E+01,1.29E+01
754,816,1,1,927,6,981,74,161,74,611,54,824,16,2.49E-05,2.03E+01,5.77E+05,5.27E+06,5.78E+01,1.30E+01
758,327,1,5,977,11,945,61,184,57,192,33,692,1,5.53E-05,3.72E+01,3.71E+05,2.54E+07,9.80E+01,2.43E+01
756,835,1,5,978,11,970,62,176,58,243,33,716,18,3.39E-05,3.09E+01,5.77E+05,1.28E+07,7.85E+01,3.20E+01
780,856,1,6,870,11,992,62,316,58,179,31,694,17,2.86E-05,5.60E+01,4.06E+04,1.63E+07,7.01E+01,3.30E+01
681,856,1,6,971,11,982,56,318,57,264,33,795,17,3.34E-05,5.83E+01,2.61E+04,1.98E+07,6.56E+01,3.47E+01
773,810,1,6,536,76,996,66,173,57,193,33,779,18,7.60E-05,5.96E+01,9.84E+04,9.56E+07,7.30E+01,2.00E+01
681,876,1,6,971,86,981,64,318,56,250,33,822,17,2.70E-05,6.08E+01,2.61E+04,1.98E+07,3.33E+01,1.19E+01
680,829,1,6,969,11,967,50,321,54,263,34,798,17,4.60E-05,5.77E+01,4.06E+04,2.54E+07,8.10E+01,3.06E+01
775,855,1,5,907,11,980,64,172,58,185,30,654,16,2.74E-05,3.61E+01,2.38E+05,1.28E+07,6.71E+01,3.34E+01
680,829,1,6,976,11,967,50,321,53,263,34,798,17,4.60E-05,5.78E+01,4.06E+04,2.54E+07,8.11E+01,3.07E+01
680,829,1,6,969,11,965,50,321,54,263,34,798,17,4.61E-05,5.77E+01,4.06E+04,2.54E+07,8.10E+01,3.06E+01
776,856,1,6,994,11,972,56,309,58,225,33,748,17,2.65E-05,5.49E+01,4.06E+04,1.63E+07,6.90E+01,3.16E+01
677,856,1,6,992,87,955,50,321,56,251,32,747,17,3.32E-05,6.12E+01,2.61E+04,2.54E+07,5.25E+01,3.21E+01
778,814,1,6,954,11,981,56,309,58,225,34,775,17,3.47E-05,3.54E+01,2.38E+05,1.28E+07,8.78E+01,2.67E+01
687,829,1,5,978,12,967,61,172,58,247,24,798,18,4.64E-05,3.07E+01,5.77E+05,1.63E+07,7.66E+01,3.44E+01
775,855,1,5,959,85,998,50,313,57,208,34,692,17,3.28E-05,6.07E+01,4.06E+04,2.54E+07,5.04E+01,2.84E+01
754,856,1,6,996,11,996,56,344,57,225,33,748,17,2.90E-05,5.77E+01,2.61E+04,1.63E+07,6.83E+01,3.36E+01
739,846,1,6,516,76,977,64,170,57,193,33,759,18,4.60E-05,5.94E+01,6.32E+04,3.95E+07,6.41E+01,2.94E+01
774,855,1,5,907,11,980,64,166,58,192,32,692,16,2.78E-05,3.99E+01,1.53E+05,1.28E+07,6.54E+01,3.16E+01
776,856,1,6,994,11,986,56,314,58,225,33,748,17,2.64E-05,5.50E+01,4.06E+04,1.63E+07,6.90E+01,3.19E+01
680,829,1,6,956,85,967,50,321,55,250,32,798,13,4.72E-05,6.09E+01,4.06E+04,3.95E+07,5.43E+01,3.04E+01
681,855,1,6,973,12,991,56,284,57,264,32,794,17,3.36E-05,5.74E+01,4.06E+04,1.98E+07,6.60E+01,3.51E+01
679,828,1,6,957,93,945,50,322,56,264,33,795,17,5.17E-05,6.20E+01,4.06E+04,4.80E+07,6.44E+01,2.84E+01
691,856,1,6,971,11,981,56,318,56,271,33,797,17,3.30E-05,5.84E+01,2.61E+04,1.63E+07,6.54E+01,3.43E+01
681,856,1,5,977,11,873,56,318,57,261,33,790,17,3.59E-05,5.83E+01,2.61E+04,1.98E+07,5.95E+01,2.80E+01
776,856,1,5,971,11,980,60,165,58,208,33,699,19,2.57E-05,3.19E+01,3.71E+05,1.05E+07,7.15E+01,3.46E+01
680,829,1,6,968,87,954,50,355,56,251,34,759,17,5.16E-05,6.22E+01,4.06E+04,4.80E+07,6.62E+01,2.91E+01
681,834,1,6,955,87,967,50,312,54,250,29,796,17,4.61E-05,6.13E+01,4.06E+04,3.95E+07,6.31E+01,3.06E+01
773,846,1,6,516,76,982,64,170,58,193,30,756,18,4.48E-05,5.81E+01,6.32E+04,3.95E+07,6.39E+01,3.04E+01
738,855,1,6,946,11,976,62,300,56,302,32,718,17,3.26E-05,5.35E+01,4.06E+04,1.63E+07,6.86E+01,3.24E+01
776,856,1,6,994,12,972,56,312,58,225,33,748,17,2.72E-05,5.59E+01,2.61E+04,1.63E+07,6.82E+01,3.26E+01
776,856,1,6,969,7,982,49,309,58,225,33,693,17,2.13E-05,3.85E+01,1.53E+05,1.05E+07,7.51E+01,3.37E+01
799,828,1,5,994,93,942,50,353,56,264,33,796,17,4.81E-05,6.23E+01,4.06E+04,3.95E+07,5.64E+01,3.10E+01
673,855,1,6,956,11,984,56,309,55,225,33,746,17,3.49E-05,5.79E+01,2.61E+04,1.98E+07,6.93E+01,3.60E+01
691,856,1,6,573,70,981,63,314,64,271,33,772,17,3.82E-05,6.17E+01,4.06E+04,3.09E+07,5.12E+01,2.86E+01
718,846,1,6,932,17,996,56,176,57,148,33,776,17,3.85E-05,5.63E+01,4.06E+04,2.54E+07,7.09E+01,3.44E+01
776,856,1,5,959,11,980,59,165,58,264,33,699,19,2.45E-05,2.88E+01,3.71E+05,1.05E+07,7.11E+01,3.39E+01
681,856,1,5,971,11,989,56,358,57,207,33,795,13,3.15E-05,4.96E+01,6.32E+04,1.63E+07,4.86E+01,1.48E+01
680,818,1,6,968,86,920,50,357,53,251,34,800,16,6.06E-05,6.14E+01,6.32E+04,6.14E+07,6.69E+01,2.73E+01
739,788,1,6,516,80,954,64,167,57,193,33,759,18,1.05E-04,5.92E+01,9.84E+04,1.81E+08,5.97E+01,1.67E+01
770,856,1,6,994,11,972,57,308,58,225,33,745,17,2.75E-05,5.56E+01,4.06E+04,1.63E+07,6.89E+01,3.22E+01
698,856,1,6,971,11,981,56,318,55,270,33,798,17,3.28E-05,5.84E+01,2.61E+04,1.63E+07,6.55E+01,3.41E+01
679,839,1,5,957,15,945,60,323,55,229,33,793,17,4.79E-05,5.80E+01,4.06E+04,2.54E+07,6.69E+01,3.43E+01
776,856,1,5,971,88,980,49,165,58,207,29,707,19,2.94E-05,3.55E+01,3.71E+05,1.98E+07,5.49E+01,3.25E+01
739,846,1,5,521,76,996,64,173,57,194,33,779,18,4.52E-05,5.96E+01,6.32E+04,3.95E+07,5.50E+01,3.03E+01
754,856,1,6,996,6,996,56,344,57,250,33,748,17,2.36E-05,4.92E+01,4.06E+04,1.05E+07,7.30E+01,3.25E+01
681,833,1,6,955,8,999,50,312,57,264,33,795,17,4.04E-05,5.42E+01,4.06E+04,1.98E+07,8.03E+01,3.14E+01
707,856,1,6,970,87,967,53,317,52,249,28,818,16,3.30E-05,6.17E+01,2.61E+04,2.54E+07,4.55E+01,2.81E+01
752,856,1,6,978,11,982,48,353,58,226,33,795,29,2.93E-05,3.66E+01,2.38E+05,1.28E+07,8.40E+01,3.34E+01
776,856,1,6,969,7,982,56,308,58,226,32,693,17,2.21E-05,3.87E+01,1.53E+05,1.05E+07,7.47E+01,3.32E+01
754,856,1,6,996,6,980,56,344,57,250,33,748,17,2.37E-05,4.95E+01,4.06E+04,1.05E+07,7.30E+01,3.26E+01
776,856,1,6,994,12,972,56,312,58,225,33,748,17,2.72E-05,5.59E+01,2.61E+04,1.63E+07,6.82E+01,3.26E+01
753,828,1,6,995,93,945,50,344,57,264,33,795,17,5.04E-05,6.23E+01,4.06E+04,4.80E+07,6.34E+01,2.88E+01
679,866,1,7,957,6,996,55,321,55,250,33,748,17,2.71E-05,5.65E+01,2.61E+04,1.28E+07,7.14E+01,3.55E+01
776,827,1,6,979,86,982,50,312,60,224,33,693,17,5.01E-05,5.95E+01,6.32E+04,4.80E+07,7.06E+01,2.86E+01
682,857,1,6,968,7,919,50,351,55,251,34,758,14,2.96E-05,5.74E+01,2.61E+04,1.28E+07,6.31E+01,2.95E+01
655,866,1,6,955,9,981,61,312,53,249,26,702,17,3.08E-05,5.68E+01,2.61E+04,1.63E+07,6.56E+01,3.70E+01
724,833,1,5,978,88,966,50,199,58,206,33,721,18,4.69E-05,4.99E+01,1.53E+05,3.95E+07,6.42E+01,3.05E+01
739,846,1,6,970,11,977,66,314,61,267,32,751,17,3.66E-05,5.51E+01,4.06E+04,1.98E+07,7.20E+01,3.03E+01
698,856,1,6,515,75,991,56,173,55,195,33,797,10,3.10E-05,5.15E+01,9.84E+04,2.54E+07,2.44E+01,7.39E+00
776,856,1,5,959,14,980,59,165,69,262,33,699,17,2.58E-05,2.97E+01,5.77E+05,1.05E+07,6.42E+01,3.06E+01
739,846,1,6,516,76,977,64,170,57,193,33,759,9,4.04E-05,3.93E+01,3.71E+05,2.54E+07,2.55E+01,8.69E+00
691,856,1,6,987,11,981,56,326,56,271,38,814,17,3.32E-05,5.86E+01,2.61E+04,1.63E+07,6.47E+01,3.30E+01
802,856,1,5,978,11,981,62,172,54,207,33,695,18,2.21E-05,3.19E+01,3.71E+05,1.05E+07,7.12E+01,3.40E+01
679,829,1,6,968,87,954,56,308,55,251,33,747,17,5.60E-05,6.15E+01,4.06E+04,4.80E+07,6.67E+01,2.78E+01
776,856,1,6,994,11,989,49,355,58,225,33,759,17,2.50E-05,5.59E+01,2.61E+04,1.28E+07,6.87E+01,3.35E+01
678,828,1,6,957,87,983,50,322,56,220,33,795,17,5.07E-05,6.16E+01,4.06E+04,4.80E+07,6.64E+01,2.95E+01
776,856,1,6,994,13,938,55,283,58,225,33,748,17,2.78E-05,5.52E+01,4.06E+04,1.63E+07,6.79E+01,3.30E+01
776,828,1,5,998,93,945,50,344,57,227,33,795,16,4.91E-05,6.19E+01,4.06E+04,3.95E+07,5.47E+01,3.16E+01
680,829,1,6,996,86,967,50,321,56,239,36,798,17,5.06E-05,6.14E+01,4.06E+04,4.80E+07,6.54E+01,2.90E+01
680,829,1,6,991,87,954,50,393,56,251,33,759,17,5.17E-05,6.25E+01,4.06E+04,4.80E+07,6.55E+01,2.98E+01
667,856,1,5,988,11,981,56,326,56,271,38,814,17,3.39E-05,5.85E+01,2.61E+04,1.63E+07,5.94E+01,2.62E+01
776,875,1,6,969,7,982,56,305,51,226,32,693,17,1.93E-05,5.44E+01,2.61E+04,1.05E+07,6.61E+01,2.50E+01
776,855,1,6,989,11,989,49,355,58,225,33,759,17,2.53E-05,5.58E+01,2.61E+04,1.28E+07,6.92E+01,3.36E+01
686,834,1,6,947,4,967,49,308,57,250,32,698,17,3.10E-05,3.30E+01,2.38E+05,1.05E+07,8.55E+01,3.12E+01
831,856,1,6,969,90,982,49,312,54,225,29,790,18,2.97E-05,5.98E+01,4.06E+04,2.54E+07,5.27E+01,3.36E+01
776,856,1,4,920,7,981,62,308,58,169,33,695,18,2.49E-05,4.87E+01,6.32E+04,1.28E+07,6.76E+01,2.26E+01
776,904,1,6,978,11,982,46,171,50,226,33,693,17,1.16E-05,5.20E+01,2.61E+04,8.19E+06,5.04E+01,1.24E+01
776,835,1,6,994,11,988,46,355,58,249,33,779,17,2.86E-05,4.09E+01,1.53E+05,1.28E+07,7.81E+01,3.20E+01
739,855,1,6,536,76,996,64,173,57,193,33,758,18,3.91E-05,5.93E+01,4.06E+04,3.09E+07,5.80E+01,3.08E+01
802,856,1,6,978,9,981,62,172,54,207,33,695,18,1.99E-05,2.97E+01,3.71E+05,8.19E+06,7.70E+01,3.42E+01
698,856,1,4,986,11,981,56,318,55,270,33,798,17,3.28E-05,5.84E+01,2.61E+04,1.63E+07,5.46E+01,1.69E+01
747,841,1,5,994,11,983,49,174,58,204,33,691,21,3.05E-05,2.84E+01,5.77E+05,1.05E+07,8.23E+01,3.51E+01
755,828,1,6,978,93,916,62,344,57,265,32,798,17,6.00E-05,6.21E+01,6.32E+04,6.14E+07,6.15E+01,2.72E+01
765,856,1,6,998,6,980,56,344,57,233,33,748,17,2.25E-05,4.85E+01,4.06E+04,1.05E+07,7.34E+01,3.26E+01
754,856,1,6,996,6,996,56,344,57,250,33,748,12,2.17E-05,5.66E+01,2.61E+04,1.05E+07,6.19E+01,2.10E+01
802,856,1,5,978,7,994,62,172,54,247,33,695,18,1.66E-05,2.59E+01,3.71E+05,5.27E+06,7.53E+01,3.35E+01
775,856,1,6,996,6,982,55,344,57,209,33,748,13,1.98E-05,5.51E+01,2.61E+04,1.05E+07,6.59E+01,2.24E+01
739,846,1,6,536,86,952,49,173,56,168,33,779,18,3.83E-05,5.83E+01,6.32E+04,3.09E+07,6.36E+01,3.19E+01
680,829,1,6,968,74,997,64,355,58,251,33,759,17,5.98E-05,6.15E+01,6.32E+04,4.80E+07,6.63E+01,2.81E+01
776,856,1,6,974,7,982,56,305,51,226,32,693,17,2.29E-05,4.44E+01,9.84E+04,1.05E+07,7.54E+01,3.40E+01
754,874,1,6,969,7,965,56,308,58,153,32,700,17,2.17E-05,5.60E+01,2.61E+04,1.05E+07,6.41E+01,2.44E+01
680,816,1,6,991,85,995,50,393,60,233,33,747,19,6.26E-05,6.19E+01,4.06E+04,7.48E+07,7.28E+01,2.75E+01
765,856,1,6,997,7,980,56,343,57,250,33,759,17,2.37E-05,5.07E+01,4.06E+04,1.28E+07,7.16E+01,3.22E+01
680,773,1,6,987,92,991,55,355,57,251,32,747,17,1.12E-04,6.21E+01,9.84E+04,1.81E+08,5.51E+01,1.88E+01
764,855,1,6,969,6,980,50,344,57,233,34,759,18,2.26E-05,4.57E+01,6.32E+04,1.05E+07,7.52E+01,3.33E+01
680,823,1,6,996,86,967,50,251,56,239,36,798,17,5.47E-05,6.03E+01,6.32E+04,4.80E+07,6.92E+01,2.73E+01
762,856,1,6,996,6,999,60,344,51,250,34,774,12,2.12E-05,5.75E+01,1.68E+04,1.05E+07,6.16E+01,2.04E+01
752,856,1,5,977,6,982,56,318,58,226,33,795,17,2.39E-05,5.25E+01,4.06E+04,1.05E+07,6.78E+01,2.55E+01
775,856,1,5,969,6,982,49,309,58,225,33,693,8,1.72E-05,5.69E+01,1.68E+04,1.05E+07,4.87E+01,1.13E+01
679,874,1,7,893,2,898,56,305,55,251,33,748,17,1.96E-05,5.08E+01,2.61E+04,6.73E+06,7.49E+01,3.34E+01
776,866,1,5,969,7,982,54,320,51,216,32,693,17,2.11E-05,5.35E+01,2.61E+04,1.05E+07,6.70E+01,2.36E+01
681,832,1,6,955,87,996,56,310,54,250,29,794,17,5.09E-05,6.16E+01,4.06E+04,4.80E+07,6.36E+01,2.96E+01
771,833,1,6,996,6,966,49,345,57,250,33,749,12,2.25E-05,4.31E+01,9.84E+04,1.05E+07,7.39E+01,3.24E+01
775,898,1,6,996,6,992,56,345,56,241,33,794,13,1.24E-05,5.80E+01,1.08E+04,6.73E+06,3.94E+01,8.35E+00
759,824,1,6,960,11,982,54,316,58,209,33,748,17,3.74E-05,4.18E+01,1.53E+05,1.63E+07,8.48E+01,2.80E+01
679,866,1,7,991,87,996,50,282,54,250,33,758,17,2.70E-05,6.03E+01,2.61E+04,1.98E+07,5.28E+01,3.16E+01
680,829,1,5,956,5,948,54,396,58,251,33,748,17,3.98E-05,5.30E+01,4.06E+04,1.63E+07,7.95E+01,3.19E+01
755,865,1,5,996,11,999,56,344,56,225,33,691,17,2.64E-05,5.76E+01,2.61E+04,1.63E+07,6.14E+01,2.36E+01
821,856,1,5,981,7,982,54,320,51,216,32,749,17,1.61E-05,3.62E+01,1.53E+05,6.73E+06,7.24E+01,2.64E+01
680,829,1,6,955,86,995,56,321,56,257,33,797,11,4.87E-05,4.54E+01,2.38E+05,3.09E+07,4.53E+01,2.88E+01
754,778,1,6,997,6,967,49,339,56,250,33,748,17,3.02E-05,2.59E+01,3.71E+05,6.73E+06,9.70E+01,2.46E+01
762,856,1,6,996,6,996,60,344,57,250,33,814,12,2.08E-05,5.71E+01,1.68E+04,1.05E+07,5.93E+01,1.85E+01
754,856,1,6,996,8,998,56,344,50,250,32,747,12,2.42E-05,5.83E+01,1.68E+04,1.28E+07,5.88E+01,2.10E+01
680,778,1,6,968,87,954,50,322,51,251,34,697,17,1.04E-04,6.16E+01,6.32E+04,1.81E+08,5.92E+01,1.96E+01
776,828,1,5,969,7,982,53,357,55,216,25,657,17,2.37E-05,2.83E+01,3.71E+05,6.73E+06,8.20E+01,3.35E+01
680,829,1,6,968,87,965,50,359,56,250,34,754,17,5.13E-05,6.22E+01,4.06E+04,4.80E+07,6.65E+01,2.92E+01
690,784,1,6,951,85,966,50,294,56,263,30,802,17,8.97E-05,5.69E+01,9.84E+04,1.16E+08,6.60E+01,2.06E+01
762,846,1,6,996,6,999,52,344,51,250,34,774,20,2.46E-05,3.80E+01,1.53E+05,1.05E+07,8.14E+01,3.25E+01
739,855,1,6,536,86,952,60,173,55,168,33,802,11,3.46E-05,4.57E+01,2.38E+05,2.54E+07,2.70E+01,8.96E+00
776,875,1,6,969,7,982,56,305,48,226,32,693,17,1.94E-05,5.51E+01,2.61E+04,1.05E+07,6.63E+01,2.54E+01
681,856,1,6,971,11,967,56,318,55,270,33,798,17,3.37E-05,5.85E+01,2.61E+04,1.98E+07,6.54E+01,3.47E+01
776,845,1,6,969,7,982,54,305,51,192,32,693,18,2.48E-05,3.73E+01,1.53E+05,1.05E+07,8.16E+01,3.31E+01
739,875,1,6,536,75,995,64,173,57,226,32,779,16,2.65E-05,5.94E+01,4.06E+04,1.98E+07,3.64E+01,1.22E+01
695,784,1,6,536,76,996,64,193,56,179,33,779,18,1.10E-04,5.99E+01,9.84E+04,1.81E+08,5.89E+01,1.64E+01
680,829,1,6,991,87,954,48,374,56,251,30,759,17,4.97E-05,6.21E+01,4.06E+04,4.80E+07,6.61E+01,3.05E+01
680,829,1,6,990,87,956,50,393,56,251,33,759,17,5.16E-05,6.25E+01,4.06E+04,4.80E+07,6.56E+01,2.98E+01
752,856,1,6,933,11,982,56,318,57,226,33,795,16,2.89E-05,5.82E+01,2.61E+04,1.63E+07,6.36E+01,3.17E+01
759,856,1,6,996,6,999,60,344,51,250,29,775,16,2.29E-05,5.20E+01,4.06E+04,1.05E+07,7.06E+01,3.19E+01
682,829,1,6,945,85,966,53,321,56,250,34,796,9,4.57E-05,3.46E+01,5.77E+05,2.54E+07,3.54E+01,2.00E+01
754,856,1,6,996,11,996,56,343,51,225,33,749,14,2.78E-05,5.86E+01,2.61E+04,1.63E+07,6.12E+01,2.98E+01
751,856,1,6,978,11,982,56,318,58,226,33,793,17,2.91E-05,5.76E+01,2.61E+04,1.63E+07,6.62E+01,3.29E+01
680,829,1,6,990,87,956,38,393,54,251,33,759,15,4.10E-05,6.24E+01,4.06E+04,3.09E+07,6.32E+01,3.30E+01
776,881,1,6,969,7,982,56,305,51,228,32,657,17,1.82E-05,5.45E+01,2.61E+04,1.05E+07,6.45E+01,2.26E+01
776,875,1,6,959,72,981,55,305,53,307,32,693,16,2.41E-05,6.02E+01,2.61E+04,1.98E+07,4.17E+01,1.64E+01
739,846,1,6,544,10,999,64,173,57,193,33,779,18,4.00E-05,5.53E+01,6.32E+04,2.54E+07,7.45E+01,3.10E+01
752,856,1,5,933,10,988,56,344,71,226,33,795,15,2.74E-05,5.74E+01,2.61E+04,1.63E+07,5.56E+01,1.85E+01
787,856,1,6,996,6,985,55,317,57,209,33,754,13,1.83E-05,5.27E+01,2.61E+04,8.19E+06,6.68E+01,2.37E+01
775,856,1,6,996,6,996,54,344,57,207,33,737,12,1.93E-05,5.57E+01,1.68E+04,1.05E+07,6.39E+01,2.14E+01
754,856,1,6,996,6,981,56,344,57,251,33,748,12,2.18E-05,5.66E+01,2.61E+04,1.05E+07,6.18E+01,2.10E+01
744,834,1,5,991,11,967,57,321,53,271,33,798,13,3.54E-05,5.86E+01,2.61E+04,1.98E+07,6.22E+01,2.96E+01
682,856,1,6,971,11,967,56,348,58,269,33,795,17,3.37E-05,5.89E+01,2.61E+04,1.98E+07,6.50E+01,3.45E+01
704,829,1,6,910,87,954,50,318,56,250,33,758,17,5.10E-05,6.16E+01,4.06E+04,4.80E+07,6.71E+01,2.86E+01
680,829,1,6,991,86,966,50,395,56,250,33,798,17,5.06E-05,6.25E+01,4.06E+04,4.80E+07,6.40E+01,3.00E+01
739,846,1,6,536,76,992,64,173,57,193,33,779,18,4.53E-05,5.96E+01,6.32E+04,3.95E+07,6.30E+01,2.95E+01
754,856,1,6,996,6,996,50,339,57,247,39,748,10,2.01E-05,5.75E+01,1.68E+04,1.05E+07,5.61E+01,1.62E+01
678,829,1,5,975,4,962,49,393,56,246,31,759,17,3.44E-05,4.19E+01,9.84E+04,1.05E+07,8.07E+01,3.34E+01
763,856,1,6,996,88,998,60,365,51,250,34,774,12,3.33E-05,3.81E+01,3.71E+05,1.98E+07,3.17E+01,1.35E+01
680,829,1,6,993,87,956,56,381,50,270,33,749,17,5.63E-05,6.22E+01,4.06E+04,4.80E+07,6.55E+01,2.82E+01
776,874,1,6,967,7,982,49,305,50,228,27,707,17,1.78E-05,4.62E+01,6.32E+04,1.05E+07,6.67E+01,2.54E+01
682,856,1,6,918,10,981,56,369,58,248,33,794,17,3.36E-05,5.87E+01,2.61E+04,1.63E+07,6.56E+01,3.47E+01
691,855,1,6,987,11,966,56,326,55,270,38,814,17,3.40E-05,5.85E+01,2.61E+04,1.98E+07,6.53E+01,3.33E+01
776,857,1,6,930,10,982,56,305,53,251,32,692,12,2.41E-05,5.78E+01,2.61E+04,1.28E+07,5.88E+01,2.26E+01
754,873,1,6,996,5,981,56,344,51,225,33,748,21,2.05E-05,5.28E+01,2.61E+04,1.05E+07,7.33E+01,3.27E+01
680,829,1,6,991,87,954,50,344,55,251,31,759,12,4.73E-05,6.05E+01,4.06E+04,3.95E+07,5.19E+01,3.05E+01
762,856,1,6,996,6,999,59,392,51,250,33,774,13,2.16E-05,5.79E+01,1.68E+04,1.05E+07,6.37E+01,2.18E+01
752,856,1,6,933,11,982,55,318,57,226,33,795,16,2.86E-05,5.82E+01,2.61E+04,1.63E+07,6.37E+01,3.18E+01
775,856,1,6,996,6,996,54,344,57,207,33,737,12,1.93E-05,5.57E+01,1.68E+04,1.05E+07,6.39E+01,2.14E+01
776,883,1,6,969,7,983,56,393,51,229,32,674,16,1.76E-05,5.78E+01,1.68E+04,1.05E+07,5.95E+01,1.79E+01
680,791,1,6,991,86,991,50,295,56,248,33,655,17,8.55E-05,5.35E+01,1.53E+05,1.16E+08,6.67E+01,2.08E+01
680,829,1,6,991,87,954,50,418,56,254,38,759,14,4.95E-05,5.13E+01,1.53E+05,3.95E+07,5.76E+01,2.98E+01
680,842,1,6,989,84,956,38,393,59,251,33,814,15,3.27E-05,6.22E+01,2.61E+04,2.54E+07,5.35E+01,3.38E+01
751,840,1,6,931,11,982,55,391,53,225,33,795,16,3.48E-05,5.92E+01,2.61E+04,1.98E+07,7.20E+01,3.20E+01
680,829,1,6,991,87,956,50,319,57,259,33,759,17,5.09E-05,6.15E+01,4.06E+04,4.80E+07,6.64E+01,2.88E+01
691,856,1,6,987,11,981,57,326,56,271,38,815,17,3.36E-05,5.86E+01,2.61E+04,1.63E+07,6.46E+01,3.28E+01
680,829,1,6,925,86,966,49,370,54,250,33,792,17,5.00E-05,6.23E+01,4.06E+04,4.80E+07,6.54E+01,2.97E+01
765,825,1,6,996,11,953,56,343,45,223,35,749,15,3.74E-05,5.82E+01,2.61E+04,1.98E+07,8.11E+01,3.08E+01
680,859,1,6,990,87,997,38,393,54,251,33,759,13,2.37E-05,6.23E+01,2.61E+04,1.98E+07,4.16E+01,1.63E+01
762,773,1,3,996,10,999,55,344,51,250,33,774,12,4.19E-05,3.72E+01,2.38E+05,1.63E+07,7.49E+01,3.25E+01
775,865,1,6,996,1,999,60,362,56,225,33,691,17,8.76E-06,2.74E+01,9.84E+04,1.40E+06,8.27E+01,3.19E+01
682,851,1,6,918,10,957,38,392,58,248,33,799,17,2.83E-05,5.77E+01,2.61E+04,1.63E+07,7.05E+01,3.95E+01
680,856,1,6,990,87,979,55,369,54,192,26,793,15,3.37E-05,6.15E+01,4.06E+04,2.54E+07,4.26E+01,2.52E+01
776,869,1,5,969,7,982,55,393,51,225,32,702,15,2.00E-05,5.76E+01,1.68E+04,1.05E+07,6.01E+01,1.73E+01
750,840,1,6,931,11,986,57,302,47,225,32,785,17,3.59E-05,5.77E+01,2.61E+04,1.98E+07,7.63E+01,3.23E+01
681,834,1,6,955,88,967,50,312,54,250,29,796,14,4.43E-05,6.17E+01,4.06E+04,3.95E+07,5.46E+01,3.14E+01
776,881,1,6,969,7,982,56,305,51,228,32,657,17,1.82E-05,5.45E+01,2.61E+04,1.05E+07,6.45E+01,2.26E+01
682,829,1,6,968,87,944,51,393,51,251,33,756,17,5.31E-05,6.22E+01,4.06E+04,4.80E+07,6.62E+01,2.93E+01
779,881,1,6,990,7,956,49,305,55,228,32,659,17,1.69E-05,5.20E+01,2.61E+04,8.19E+06,6.52E+01,2.29E+01
748,908,1,6,996,5,996,54,344,56,207,32,737,12,1.07E-05,5.63E+01,1.08E+04,6.73E+06,3.46E+01,7.41E+00
680,829,1,6,990,87,956,49,396,56,251,33,834,16,4.90E-05,6.21E+01,4.06E+04,3.95E+07,5.99E+01,3.06E+01
792,874,1,6,987,11,987,55,310,50,227,27,816,17,1.93E-05,5.67E+01,2.61E+04,1.28E+07,5.72E+01,1.87E+01
691,855,1,6,966,6,972,49,326,56,271,38,704,15,2.89E-05,5.64E+01,2.61E+04,1.28E+07,7.09E+01,3.64E+01
680,829,1,6,991,17,996,49,447,56,251,33,761,17,4.77E-05,6.04E+01,2.61E+04,3.09E+07,7.93E+01,3.41E+01
754,856,1,6,959,80,948,56,361,51,277,32,746,14,3.42E-05,6.14E+01,4.06E+04,2.54E+07,4.21E+01,2.32E+01
782,874,1,6,990,85,956,39,393,54,225,33,759,16,1.97E-05,6.15E+01,1.68E+04,1.63E+07,4.22E+01,1.45E+01
666,830,1,6,969,8,982,56,305,48,331,31,693,15,4.58E-05,5.40E+01,6.32E+04,1.98E+07,8.12E+01,3.07E+01
751,840,1,6,969,6,982,55,291,52,224,30,792,16,2.61E-05,3.96E+01,1.53E+05,1.05E+07,7.78E+01,3.35E+01
776,874,1,6,928,11,982,49,389,52,201,29,709,17,2.08E-05,5.84E+01,1.68E+04,1.28E+07,6.09E+01,2.33E+01
754,856,1,6,996,11,924,56,343,50,198,31,749,14,2.87E-05,5.83E+01,2.61E+04,1.63E+07,6.07E+01,2.95E+01
771,881,1,6,969,11,982,56,305,51,228,32,667,19,2.11E-05,5.63E+01,2.61E+04,1.28E+07,6.34E+01,2.70E+01
775,856,1,6,942,6,996,49,343,50,207,33,737,16,2.12E-05,5.36E+01,2.61E+04,1.05E+07,7.32E+01,3.33E+01
776,874,1,6,973,6,982,54,305,54,228,27,707,16,1.71E-05,4.39E+01,6.32E+04,8.19E+06,6.55E+01,2.25E+01
675,867,1,6,990,92,955,57,393,56,251,32,759,17,3.04E-05,6.21E+01,2.61E+04,2.54E+07,4.21E+01,2.18E+01
778,813,1,6,968,7,982,56,305,51,227,32,657,17,2.70E-05,2.85E+01,3.71E+05,8.19E+06,9.19E+01,2.76E+01
698,829,1,6,965,87,956,38,393,54,251,33,759,14,4.02E-05,6.26E+01,2.61E+04,3.09E+07,6.04E+01,3.29E+01
625,829,1,6,991,87,978,47,393,55,251,35,769,17,4.91E-05,6.24E+01,4.06E+04,4.80E+07,6.61E+01,2.82E+01
680,829,1,6,979,85,966,50,395,56,250,33,787,17,5.08E-05,6.25E+01,4.06E+04,4.80E+07,6.47E+01,3.00E+01
681,834,1,6,939,87,967,50,417,54,250,29,796,17,4.68E-05,6.29E+01,4.06E+04,3.95E+07,6.16E+01,3.15E+01
680,841,1,6,990,91,956,50,390,56,224,33,779,17,4.27E-05,6.21E+01,4.06E+04,3.95E+07,5.85E+01,3.24E+01
751,817,1,6,916,11,982,55,407,52,251,32,793,16,4.27E-05,5.77E+01,4.06E+04,2.54E+07,8.31E+01,3.07E+01
762,856,1,6,918,3,999,56,427,51,268,34,774,11,1.56E-05,5.48E+01,1.68E+04,6.73E+06,6.64E+01,1.94E+01
681,856,1,6,995,10,981,58,369,57,249,35,829,17,3.40E-05,5.81E+01,2.61E+04,1.63E+07,6.43E+01,3.38E+01
771,881,1,6,994,7,995,56,342,51,228,34,747,15,1.74E-05,5.79E+01,1.68E+04,1.05E+07,5.56E+01,1.57E+01
754,856,1,6,994,4,982,56,290,51,225,32,658,14,1.94E-05,4.19E+01,6.32E+04,8.19E+06,7.55E+01,3.39E+01
685,828,1,6,990,91,956,38,393,53,251,32,759,15,4.16E-05,6.25E+01,4.06E+04,3.95E+07,6.32E+01,3.28E+01
770,874,1,6,927,5,982,49,389,52,201,29,699,17,1.75E-05,5.37E+01,2.61E+04,8.19E+06,6.86E+01,2.46E+01
654,834,1,6,953,87,982,49,304,54,248,29,665,17,4.65E-05,5.57E+01,9.84E+04,3.95E+07,7.01E+01,2.98E+01
776,881,1,6,969,7,966,56,312,51,211,32,787,11,1.57E-05,5.64E+01,1.68E+04,8.19E+06,4.07E+01,9.07E+00
698,804,1,6,965,87,944,36,461,52,250,33,760,14,5.60E-05,6.32E+01,4.06E+04,6.14E+07,7.02E+01,3.05E+01
681,834,1,6,939,87,966,45,397,56,250,29,798,17,4.30E-05,6.23E+01,4.06E+04,3.95E+07,6.24E+01,3.30E+01
677,855,1,6,967,7,978,56,305,51,228,32,657,17,3.44E-05,5.60E+01,2.61E+04,1.63E+07,7.65E+01,3.53E+01
797,834,1,6,940,87,967,50,433,54,250,28,796,15,4.26E-05,6.31E+01,4.06E+04,3.09E+07,5.53E+01,3.25E+01
680,829,1,6,979,7,982,50,396,56,228,33,787,17,4.22E-05,5.71E+01,2.61E+04,1.98E+07,8.25E+01,3.06E+01
776,874,1,6,967,84,965,43,303,50,242,27,718,16,2.07E-05,5.87E+01,2.61E+04,1.63E+07,4.41E+01,1.67E+01
776,873,1,6,996,4,982,57,308,48,239,27,707,8,1.26E-05,5.62E+01,1.68E+04,6.73E+06,4.90E+01,1.08E+01
762,861,1,6,966,12,999,50,388,49,250,33,773,13,2.40E-05,5.94E+01,1.68E+04,1.28E+07,5.36E+01,1.93E+01
776,874,1,6,928,11,982,49,385,52,201,29,709,17,2.08E-05,5.83E+01,1.68E+04,1.28E+07,6.10E+01,2.34E+01
691,834,1,6,987,11,939,56,346,56,271,38,814,17,4.59E-05,5.84E+01,4.06E+04,2.54E+07,7.66E+01,2.98E+01
691,855,1,6,967,10,981,51,325,44,270,38,655,17,3.38E-05,5.84E+01,2.61E+04,1.63E+07,7.51E+01,3.48E+01
776,881,1,6,988,12,982,56,305,55,228,32,815,17,1.94E-05,5.83E+01,1.68E+04,1.28E+07,5.09E+01,1.49E+01
776,881,1,6,969,7,982,56,305,51,228,27,657,17,1.77E-05,5.05E+01,4.06E+04,1.05E+07,6.43E+01,2.24E+01
698,856,1,6,918,10,981,56,369,58,247,33,794,17,3.30E-05,5.88E+01,2.61E+04,1.63E+07,6.56E+01,3.41E+01
754,855,1,4,996,11,955,56,343,51,227,32,753,11,2.69E-05,5.51E+01,4.06E+04,1.63E+07,4.10E+01,9.64E+00
775,857,1,6,969,7,982,54,393,54,225,32,705,17,2.32E-05,5.35E+01,2.61E+04,1.05E+07,7.31E+01,3.30E+01
680,797,1,6,990,87,956,38,393,56,251,30,759,17,6.48E-05,5.46E+01,9.84E+04,7.48E+07,7.41E+01,2.64E+01
696,829,1,6,990,87,956,49,393,54,251,33,759,15,4.92E-05,6.21E+01,4.06E+04,3.95E+07,6.11E+01,3.05E+01
680,829,1,6,990,83,971,49,393,56,186,33,759,17,5.07E-05,6.18E+01,4.06E+04,4.80E+07,6.73E+01,3.20E+01
680,829,1,6,990,87,956,38,393,53,251,33,759,15,4.11E-05,6.25E+01,4.06E+04,3.09E+07,6.33E+01,3.29E+01
681,834,1,6,938,94,998,56,413,53,250,28,796,15,4.83E-05,6.21E+01,4.06E+04,3.95E+07,5.50E+01,3.12E+01
754,860,1,6,996,5,966,50,345,51,225,33,749,14,2.00E-05,5.54E+01,1.68E+04,1.05E+07,6.81E+01,2.57E+01
698,829,1,6,988,87,956,49,393,54,238,33,761,13,4.74E-05,5.67E+01,6.32E+04,3.95E+07,5.52E+01,3.09E+01
679,829,1,5,970,87,956,38,398,55,251,35,759,17,4.26E-05,6.20E+01,4.06E+04,3.09E+07,6.17E+01,3.51E+01
682,856,1,5,918,10,981,48,367,58,227,33,778,17,3.04E-05,5.86E+01,2.61E+04,1.63E+07,6.26E+01,2.94E+01
776,874,1,5,966,7,968,56,306,50,248,27,707,17,1.88E-05,4.72E+01,6.32E+04,1.05E+07,6.22E+01,1.87E+01
682,858,1,6,933,10,981,56,369,58,248,33,794,17,3.25E-05,5.87E+01,2.61E+04,1.63E+07,6.46E+01,3.45E+01
753,856,1,5,996,11,996,56,343,51,186,33,749,14,2.80E-05,5.80E+01,2.61E+04,1.63E+07,5.62E+01,1.90E+01
752,840,1,6,931,24,984,55,360,55,225,33,795,16,4.05E-05,6.02E+01,4.06E+04,2.54E+07,6.69E+01,3.28E+01
678,829,1,6,990,87,953,49,403,53,250,33,759,17,5.12E-05,6.25E+01,4.06E+04,4.80E+07,6.60E+01,3.02E+01
678,829,1,6,984,79,983,38,393,54,251,31,755,15,4.01E-05,6.19E+01,4.06E+04,3.09E+07,6.47E+01,3.43E+01
777,880,1,6,999,11,954,56,305,51,228,33,660,17,2.07E-05,5.72E+01,2.61E+04,1.28E+07,6.03E+01,2.24E+01
776,881,1,6,969,10,982,56,298,51,228,27,657,17,1.95E-05,5.44E+01,2.61E+04,1.05E+07,6.07E+01,2.19E+01
688,829,1,6,965,87,956,38,393,54,251,33,759,14,4.02E-05,6.26E+01,2.61E+04,3.09E+07,6.05E+01,3.29E+01
776,881,1,5,967,7,982,56,298,51,215,20,702,17,1.62E-05,3.54E+01,1.53E+05,8.19E+06,5.85E+01,1.59E+01
811,869,1,5,969,4,982,55,394,51,225,32,656,15,1.31E-05,4.37E+01,4.06E+04,5.27E+06,7.15E+01,2.10E+01
776,877,1,6,949,12,941,56,305,51,227,26,657,17,2.18E-05,5.54E+01,2.61E+04,1.28E+07,6.06E+01,2.51E+01
697,807,1,6,969,81,980,36,461,52,215,34,760,18,5.70E-05,6.28E+01,4.06E+04,6.14E+07,7.80E+01,3.21E+01
742,873,1,6,965,8,944,58,461,52,250,33,760,13,2.23E-05,4.56E+01,9.84E+04,1.05E+07,4.78E+01,1.46E+01
776,828,1,6,966,85,982,35,305,49,213,27,707,9,3.30E-05,6.14E+01,2.61E+04,2.54E+07,4.66E+01,2.97E+01
698,804,1,5,965,87,944,36,461,52,250,33,760,14,5.60E-05,6.32E+01,4.06E+04,4.80E+07,6.49E+01,3.39E+01
688,829,1,6,965,87,956,38,393,54,251,33,759,14,4.02E-05,6.26E+01,2.61E+04,3.09E+07,6.05E+01,3.29E+01
682,857,2,6,933,11,968,56,369,57,248,33,792,4,2.60E-05,1.82E+01,3.71E+05,2.78E+06,-1.59E+01,-2.05E+00
698,804,1,6,964,85,944,37,480,52,250,39,761,14,5.76E-05,6.05E+01,6.32E+04,6.14E+07,6.97E+01,2.93E+01
776,890,1,6,969,7,982,53,305,51,228,32,657,17,1.58E-05,5.50E+01,1.68E+04,8.19E+06,6.02E+01,1.82E+01
697,807,1,6,969,81,980,36,442,52,215,34,760,18,5.69E-05,6.25E+01,4.06E+04,6.14E+07,7.83E+01,3.11E+01
649,825,1,6,932,4,982,37,385,52,195,30,709,17,3.70E-05,4.35E+01,9.84E+04,1.28E+07,8.86E+01,3.42E+01
778,874,1,6,928,87,982,49,393,54,256,29,725,15,2.24E-05,6.22E+01,1.68E+04,1.63E+07,3.70E+01,1.28E+01
776,881,1,5,994,7,982,56,305,51,228,27,657,17,1.76E-05,5.00E+01,4.06E+04,1.05E+07,6.13E+01,1.75E+01
806,840,1,6,947,11,982,55,391,53,243,33,795,16,2.58E-05,5.33E+01,4.06E+04,1.28E+07,7.32E+01,3.19E+01
697,878,1,6,969,81,953,36,461,52,215,33,655,18,1.93E-05,6.05E+01,1.68E+04,1.63E+07,5.25E+01,2.30E+01
776,808,1,6,969,9,967,56,305,50,227,31,761,16,3.22E-05,3.32E+01,3.71E+05,1.28E+07,8.97E+01,2.84E+01
680,834,1,6,939,12,967,48,416,50,250,30,793,17,4.32E-05,5.96E+01,2.61E+04,2.54E+07,7.78E+01,3.45E+01
776,874,1,6,967,85,982,50,305,52,228,28,709,17,2.33E-05,5.97E+01,2.61E+04,1.98E+07,4.49E+01,1.90E+01
776,873,1,6,966,5,995,62,305,55,277,25,656,17,1.54E-05,2.93E+01,2.38E+05,5.27E+06,7.06E+01,2.74E+01
776,881,1,6,969,7,982,48,305,51,228,27,707,17,1.63E-05,4.98E+01,4.06E+04,8.19E+06,6.33E+01,2.04E+01
738,829,1,6,965,85,956,38,393,54,251,33,759,19,4.29E-05,5.94E+01,4.06E+04,3.95E+07,7.22E+01,3.24E+01
754,856,1,6,999,11,996,56,343,51,225,33,749,14,2.78E-05,5.86E+01,2.61E+04,1.63E+07,6.12E+01,2.98E+01
776,886,1,6,928,11,982,49,372,52,226,27,709,17,1.71E-05,5.76E+01,1.68E+04,1.05E+07,5.47E+01,1.61E+01
751,840,1,6,931,13,982,54,391,53,199,31,795,16,3.61E-05,5.96E+01,2.61E+04,1.98E+07,7.10E+01,3.30E+01